jobUrl,jobId,companyName,jobTitle,logoUrl,companyUrl,location,workplaceType,insights,postDate,isEasyApply,isPromoted,applicantCount,url,query,category,timestamp
https://www.linkedin.com/jobs/view/3476248761/,3476248761,Resolvit,SR Data Engineer - Resolvit international,https://media.licdn.com/dms/image/C560BAQHz3SjM7IBTlw/company-logo_100_100/0/1616686523606?e=1684972800&v=beta&t=kQdm-hbHp6OJKKwJaLHqVA2BWRrv17V6Nl6v5MWw3nY,https://www.linkedin.com/company/18669/,Colombia,En remoto,En busca de personal,,true,false,15,https://www.linkedin.com/jobs/view/3476248761/,Data Science,Jobs,2023-02-17T01:32:55.880Z
https://www.linkedin.com/jobs/view/3473311679/,3473311679,Syneos Health,Project Data Manager,https://media.licdn.com/dms/image/C4D0BAQHBsEZeIFwfmQ/company-logo_100_100/0/1519888772014?e=1684972800&v=beta&t=tA5hyal4QMOwVgGosG36td1-3zFKQPp1dtOuivvQVq8,https://www.linkedin.com/company/11408925/,Colombia,En remoto,En busca de personal,,true,false,0,https://www.linkedin.com/jobs/view/3473311679/,Data Science,Jobs,2023-02-17T01:32:55.880Z
https://www.linkedin.com/jobs/view/3467733966/,3467733966,Turing,Empleo Data Scientist | Trabajo Online,https://media.licdn.com/dms/image/D4D0BAQGFJMkBlTYwMA/company-logo_100_100/0/1667236443972?e=1684972800&v=beta&t=ZBoP4eKDwYKTdZ34XGX962La7TlR9hFeThf27MWHKXs,https://www.linkedin.com/company/18846814/,Colombia,En remoto,En busca de personal,2023-02-05,false,false,13,https://www.linkedin.com/jobs/view/3467733966/,Data Science,Jobs,2023-02-17T01:32:55.880Z
https://www.linkedin.com/jobs/view/3466193780/,3466193780,Perficient Latin America,Machine Learning Solutions Architect,https://media.licdn.com/dms/image/C4E0BAQHyFu-xg-BPJQ/company-logo_100_100/0/1611264218433?e=1684972800&v=beta&t=lEmdyXzgPscQy0dpgiJIXvyTyoakT2R-s6DWI7RxY2E,https://www.linkedin.com/company/75400542/,Colombia,En remoto,Tu perfil se ajusta a este empleo,,true,false,0,https://www.linkedin.com/jobs/view/3466193780/,Data Science,Jobs,2023-02-17T01:32:55.880Z
https://www.linkedin.com/jobs/view/3473846994/,3473846994,Lean Tech,Mid+ to Senior Level Data Scientist,https://media.licdn.com/dms/image/C560BAQEoCom5tDSPwQ/company-logo_100_100/0/1656692328404?e=1684972800&v=beta&t=q8O5_ol54_5YVOejLgxKnh8zyeoMdXYwFa-rA8ZiIX8,https://www.linkedin.com/company/19258959/,Colombia,En remoto,En busca de personal,,false,false,0,https://www.linkedin.com/jobs/view/3473846994/,Data Science,Jobs,2023-02-17T01:32:55.880Z
https://www.linkedin.com/jobs/view/3247391731/,3247391731,Datavail,AWS Developer,https://media.licdn.com/dms/image/C4D0BAQEhuP8Bw8DBnw/company-logo_100_100/0/1532119132783?e=1684972800&v=beta&t=ziz_iT9L5AvWrIzWq6vRj06AylPC4sV3d4uNcCwqMOc,https://www.linkedin.com/company/323777/,Colombia,En remoto,En busca de personal,,false,false,0,https://www.linkedin.com/jobs/view/3247391731/,Data Science,Jobs,2023-02-17T01:32:55.880Z
https://www.linkedin.com/jobs/view/3454589079/,3454589079,Genius Sports,Senior Data Scientist,https://media.licdn.com/dms/image/C4D0BAQECVe0MtzRTyw/company-logo_100_100/0/1625153855187?e=1684972800&v=beta&t=kZTm4racEDWg6PUdecwBpdkLYi1mmam8NboEoxoqLfI,https://www.linkedin.com/company/22208562/,"Perímetro Urbano Medellín, Antioquia, Colombia",Híbrido,En busca de personal,,false,false,0,https://www.linkedin.com/jobs/view/3454589079/,Data Science,Jobs,2023-02-17T01:32:55.880Z
https://www.linkedin.com/jobs/view/3380043309/,3380043309,Ericsson,IT Intern - Data Analyst,https://media.licdn.com/dms/image/C4E0BAQGm9tH6lKJ-Gg/company-logo_100_100/0/1632729373424?e=1684972800&v=beta&t=zMf5z5fm8LPA5NAkE5pgxKdZPhxuxf-leTC5xs5atNc,https://www.linkedin.com/company/1060/,"Providencia, Archipiélago de San Andrés, Providencia y Santa Catalina, Colombia",,Tu perfil se ajusta a este empleo,,false,false,0,https://www.linkedin.com/jobs/view/3380043309/,Data Science,Jobs,2023-02-17T01:32:55.880Z
https://www.linkedin.com/jobs/view/3467740060/,3467740060,Turing,Empleo Data Scientist Replacement | Trabajo Online,https://media.licdn.com/dms/image/D4D0BAQGFJMkBlTYwMA/company-logo_100_100/0/1667236443972?e=1684972800&v=beta&t=ZBoP4eKDwYKTdZ34XGX962La7TlR9hFeThf27MWHKXs,https://www.linkedin.com/company/18846814/,Colombia,En remoto,En busca de personal,2023-02-05,false,false,11,https://www.linkedin.com/jobs/view/3467740060/,Data Science,Jobs,2023-02-17T01:32:55.881Z
https://www.linkedin.com/jobs/view/3477454109/,3477454109,Maxana.ai,Zoho developer,https://media.licdn.com/dms/image/C4E0BAQFeQ7Jb3rk6lQ/company-logo_100_100/0/1595292421488?e=1684972800&v=beta&t=fPi_uT1RjSu7xSDJbgEo3rSDiLFjuM2gzNXJA3eG8ZU,https://www.linkedin.com/company/68355308/,Colombia,En remoto,En busca de personal,,true,false,23,https://www.linkedin.com/jobs/view/3477454109/,Data Science,Jobs,2023-02-17T01:32:55.881Z
https://www.linkedin.com/jobs/view/3466820207/,3466820207,Turing,"Empleo Data Analyst, Commercial Analytics | Trabajo Online",https://media.licdn.com/dms/image/D4D0BAQGFJMkBlTYwMA/company-logo_100_100/0/1667236443972?e=1684972800&v=beta&t=ZBoP4eKDwYKTdZ34XGX962La7TlR9hFeThf27MWHKXs,https://www.linkedin.com/company/18846814/,Colombia,En remoto,En busca de personal,,false,false,0,https://www.linkedin.com/jobs/view/3466820207/,Data Science,Jobs,2023-02-17T01:32:55.881Z
https://www.linkedin.com/jobs/view/3475267857/,3475267857,Lulo bank,Platform Lead iOS,https://media.licdn.com/dms/image/C4E0BAQEHCvVOB8IPSQ/company-logo_100_100/0/1657734167019?e=1684972800&v=beta&t=4l5LsoExYuQ_DXD4wc9qkf9OBIGg2JnWhKaFBefngwg,https://www.linkedin.com/company/75726884/,"Bogotá, Distrito Capital, Colombia",En remoto,Tu perfil se ajusta a este empleo,,true,false,4,https://www.linkedin.com/jobs/view/3475267857/,Data Science,Jobs,2023-02-17T01:32:55.881Z
https://www.linkedin.com/jobs/view/3467073739/,3467073739,Capgemini Engineering,Data Engineer,https://media.licdn.com/dms/image/C4E0BAQGf5YDRAgF5ow/company-logo_100_100/0/1675696304352?e=1684972800&v=beta&t=i-oo4b47EGEVntOIwLiq95Fxp0eqgXhC18fRtDFlphg,https://www.linkedin.com/company/72092703/,Colombia,En remoto,En busca de personal,,true,false,0,https://www.linkedin.com/jobs/view/3467073739/,Data Science,Jobs,2023-02-17T01:32:55.881Z
https://www.linkedin.com/jobs/view/3370987076/,3370987076,Nagarro,Senior Data Engineer,https://media.licdn.com/dms/image/C4D0BAQGakx_sW7QSjw/company-logo_100_100/0/1670311156790?e=1684972800&v=beta&t=yT3jZhlI8y1hu2KbaKGR3lFNLyBoRIhR6YFVcCWY2Xk,https://www.linkedin.com/company/11902/,"Bogotá, Distrito Capital, Colombia",En remoto,En busca de personal,,true,false,0,https://www.linkedin.com/jobs/view/3370987076/,Data Science,Jobs,2023-02-17T01:32:55.881Z
https://www.linkedin.com/jobs/view/3482969383/,3482969383,Bancolombia,"Científico/Científica de Datos (Semi senior) en Leasing, Renta y Uso",https://media.licdn.com/dms/image/C4E0BAQHl8X6uU5aSwQ/company-logo_100_100/0/1618738691816?e=1684972800&v=beta&t=0h_kXvxokVZOfDXKLkXRmFtGwzYiESzloEMUmA_5cSM,https://www.linkedin.com/company/22690/,"Medellín, Antioquia, Colombia",Híbrido,En busca de personal,2023-02-14,false,false,0,https://www.linkedin.com/jobs/view/3482969383/,Data Science,Jobs,2023-02-17T01:32:55.881Z
https://www.linkedin.com/jobs/view/3461678723/,3461678723,CSG,Data Architect,https://media.licdn.com/dms/image/D4E0BAQFl15L25m66Hg/company-logo_100_100/0/1666182239581?e=1684972800&v=beta&t=EcczqcZeHCGM6KSd2ibjKxg0P5AMam2AMEiQ9C7rdMQ,https://www.linkedin.com/company/5216/,Colombia,En remoto,1 contacto trabaja aquí,,false,false,16,https://www.linkedin.com/jobs/view/3461678723/,Data Science,Jobs,2023-02-17T01:32:55.881Z
https://www.linkedin.com/jobs/view/3481392571/,3481392571,NEORIS,Ingeniero de Ciberseguridad - Gestion de vulnerabilidades y Líneas Base,https://media.licdn.com/dms/image/C560BAQFrs9_WzH_Owg/company-logo_100_100/0/1578338392909?e=1684972800&v=beta&t=bhg_0H76QFDVroZO_EuqLpVAIxGbOROG-kLmp-u0FcM,https://www.linkedin.com/company/157349/,"Providencia, Archipiélago de San Andrés, Providencia y Santa Catalina, Colombia",,En busca de personal,,false,false,0,https://www.linkedin.com/jobs/view/3481392571/,Data Science,Jobs,2023-02-17T01:32:55.881Z
https://www.linkedin.com/jobs/view/3463653761/,3463653761,ioet Inc.,Data Engineer,https://media.licdn.com/dms/image/C560BAQEdWY9uuTmbtQ/company-logo_100_100/0/1636400166192?e=1684972800&v=beta&t=u1xovdyGD7l8nd85DcSuPvXnE4E5Bi9E4PoKc1jLT98,https://www.linkedin.com/company/5225790/,Colombia,En remoto,,,true,false,0,https://www.linkedin.com/jobs/view/3463653761/,Data Science,Jobs,2023-02-17T01:32:55.881Z
https://www.linkedin.com/jobs/view/3482959482/,3482959482,BPO Labs,DBA de SQL,https://media.licdn.com/dms/image/D4E0BAQEdPLx9b2yS9w/company-logo_100_100/0/1666020374642?e=1684972800&v=beta&t=Q1vxorNDU-xtBs67JxIjqEImFEkERJS_FAEK-MDVeak,https://www.linkedin.com/company/73196821/,Colombia,En remoto,Tu perfil se ajusta a este empleo,,false,false,0,https://www.linkedin.com/jobs/view/3482959482/,Data Science,Jobs,2023-02-17T01:32:55.881Z
https://www.linkedin.com/jobs/view/3458218962/,3458218962,Aleatica,ANALISTA DE ITS (SISTEMAS INTELIGENTES DE TRANSPORTE),https://media.licdn.com/dms/image/C560BAQHDaJjP7vrqbw/company-logo_100_100/0/1656698540978?e=1684972800&v=beta&t=-FbaDbIUKV9Iys1l3AbqDYhWnMfev-0QWFqhhTRCHB8,https://www.linkedin.com/company/49058969/,"Puerto Berrío, Antioquia, Colombia",Presencial,En busca de personal,,true,false,17,https://www.linkedin.com/jobs/view/3458218962/,Data Science,Jobs,2023-02-17T01:32:55.881Z
https://www.linkedin.com/jobs/view/3467740062/,3467740062,Turing,Empleo Data Scientist (SCD) | Trabajo Online,https://media.licdn.com/dms/image/D4D0BAQGFJMkBlTYwMA/company-logo_100_100/0/1667236443972?e=1684972800&v=beta&t=ZBoP4eKDwYKTdZ34XGX962La7TlR9hFeThf27MWHKXs,https://www.linkedin.com/company/18846814/,Colombia,En remoto,En busca de personal,2023-02-05,false,false,21,https://www.linkedin.com/jobs/view/3467740062/,Data Science,Jobs,2023-02-17T01:32:55.881Z
https://www.linkedin.com/jobs/view/3469831332/,3469831332,Bancoli,Data Engineer (hybrid),https://media.licdn.com/dms/image/C560BAQGU2le_1x_TiA/company-logo_100_100/0/1657809962433?e=1684972800&v=beta&t=uoBFLLok08YVvAO8uU9ziW8Hzl8BBP4_VJgMYt85x0E,https://www.linkedin.com/company/75575941/,"Bogotá, Distrito Capital, Colombia",Híbrido,En busca de personal,,true,false,15,https://www.linkedin.com/jobs/view/3469831332/,Data Science,Jobs,2023-02-17T01:32:55.881Z
https://www.linkedin.com/jobs/view/3485023553/,3485023553,PGD LATAM,PGD Academy Program,https://media.licdn.com/dms/image/C4E0BAQF0u7YdMdlFlw/company-logo_100_100/0/1662392680019?e=1684972800&v=beta&t=OJ71EzQD2C2jz-dgHYKIGOhPwzumgwY5-THzZ2MUhVo,https://www.linkedin.com/company/79982496/,Colombia,En remoto,En busca de personal,,true,false,0,https://www.linkedin.com/jobs/view/3485023553/,Data Science,Jobs,2023-02-17T01:32:55.881Z
https://www.linkedin.com/jobs/view/3478550932/,3478550932,,Data Engineer,,,"Bogotá, Distrito Capital, Colombia",En remoto,En busca de personal,,true,false,0,https://www.linkedin.com/jobs/view/3478550932/,Data Science,Jobs,2023-02-17T01:33:01.046Z
https://www.linkedin.com/jobs/view/3481542972/,3481542972,Inside Jobsity,Data Engineer,https://media.licdn.com/dms/image/C4D0BAQG30tDm2i3oaQ/company-logo_100_100/0/1626198826579?e=1684972800&v=beta&t=IFW2OkGsHY4eXM4Wivvgy8mWLmDLPJZfP0eG3vcsrmM,https://www.linkedin.com/company/71957039/,Colombia,En remoto,Tu perfil se ajusta a este empleo,,false,false,15,https://www.linkedin.com/jobs/view/3481542972/,Data Science,Jobs,2023-02-17T01:33:01.046Z
https://www.linkedin.com/jobs/view/3463727487/,3463727487,Sii Group Colombia,Data Engineer,https://media.licdn.com/dms/image/C4E0BAQEWC_sAYt5U-A/company-logo_100_100/0/1658290394031?e=1684972800&v=beta&t=vtS29PlYgwa8sUpJPPoUFulrtyWB8kFmh9qn1sY9xck,https://www.linkedin.com/company/11391919/,Colombia,En remoto,En busca de personal,,true,false,0,https://www.linkedin.com/jobs/view/3463727487/,Data Science,Jobs,2023-02-17T01:33:01.047Z
https://www.linkedin.com/jobs/view/3472935803/,3472935803,,Cientifico de datos,,,"Bogotá, Distrito Capital, Colombia",Presencial,,2023-01-13,false,false,0,https://www.linkedin.com/jobs/view/3472935803/,Data Science,Jobs,2023-02-17T01:33:01.047Z
https://www.linkedin.com/jobs/view/3436633978/,3436633978,NEWTON VISION CORP,Data Architect,https://media.licdn.com/dms/image/C560BAQEmKlS5IbrxxA/company-logo_100_100/0/1590247344962?e=1684972800&v=beta&t=BaRig6WuXSPaUq1igj1FVnytTh9XqIOaRmc8e6QqOqg,https://www.linkedin.com/company/55049719/,Colombia,En remoto,Tu perfil se ajusta a este empleo,,false,false,0,https://www.linkedin.com/jobs/view/3436633978/,Data Science,Jobs,2023-02-17T01:33:01.047Z
https://www.linkedin.com/jobs/view/3126046215/,3126046215,ABA Tech,Artificial Intelligence Engineer,https://media.licdn.com/dms/image/C4E0BAQH3BxfGQ-NwUg/company-logo_100_100/0/1663884388146?e=1684972800&v=beta&t=3XhGHtyg1Ia6Gmdzm4F_JaxVUyDDna1kyKdaWwkUl-8,https://www.linkedin.com/company/82300076/,"Medellín, Antioquia, Colombia",Híbrido,Tu perfil se ajusta a este empleo,,true,false,0,https://www.linkedin.com/jobs/view/3126046215/,Data Science,Jobs,2023-02-17T01:33:01.047Z
https://www.linkedin.com/jobs/view/3447258963/,3447258963,Entelgy,Consultor Sr Ethical Hacking,https://media.licdn.com/dms/image/C4E0BAQHwYHPkCtJXoA/company-logo_100_100/0/1538472913675?e=1684972800&v=beta&t=Xmy-GN541kEUYsPCvs5mL2nBQrmHmoiiWIrSo4EK-gw,https://www.linkedin.com/company/502847/,"Bogotá, Distrito Capital, Colombia",En remoto,En busca de personal,,true,false,0,https://www.linkedin.com/jobs/view/3447258963/,Data Science,Jobs,2023-02-17T01:33:01.047Z
https://www.linkedin.com/jobs/view/3450533690/,3450533690,UST España & Latam,Data Platform Engineer,https://media.licdn.com/dms/image/C4E0BAQGOXgcV6VVx3g/company-logo_100_100/0/1608325016595?e=1684972800&v=beta&t=2mUHY_KF8ZPI56UwFfgYcQ0-7-nTQp9MdP0VjcR_bug,https://www.linkedin.com/company/18326/,Colombia,En remoto,En busca de personal,,true,false,0,https://www.linkedin.com/jobs/view/3450533690/,Data Science,Jobs,2023-02-17T01:33:01.047Z
https://www.linkedin.com/jobs/view/3448093295/,3448093295,Datavail,Azure Data Engineer,https://media.licdn.com/dms/image/C4D0BAQEhuP8Bw8DBnw/company-logo_100_100/0/1532119132783?e=1684972800&v=beta&t=ziz_iT9L5AvWrIzWq6vRj06AylPC4sV3d4uNcCwqMOc,https://www.linkedin.com/company/323777/,Colombia,En remoto,En busca de personal,,false,false,19,https://www.linkedin.com/jobs/view/3448093295/,Data Science,Jobs,2023-02-17T01:33:01.047Z
https://www.linkedin.com/jobs/view/3475278942/,3475278942,Capgemini Engineering,DevOps IaC,https://media.licdn.com/dms/image/C4E0BAQGf5YDRAgF5ow/company-logo_100_100/0/1675696304352?e=1684972800&v=beta&t=i-oo4b47EGEVntOIwLiq95Fxp0eqgXhC18fRtDFlphg,https://www.linkedin.com/company/72092703/,Colombia,En remoto,En busca de personal,,true,false,11,https://www.linkedin.com/jobs/view/3475278942/,Data Science,Jobs,2023-02-17T01:33:01.047Z
https://www.linkedin.com/jobs/view/3486187633/,3486187633,ioet Inc.,Quality Assurance Engineer,https://media.licdn.com/dms/image/C560BAQEdWY9uuTmbtQ/company-logo_100_100/0/1636400166192?e=1684972800&v=beta&t=u1xovdyGD7l8nd85DcSuPvXnE4E5Bi9E4PoKc1jLT98,https://www.linkedin.com/company/5225790/,Colombia,En remoto,,,true,false,0,https://www.linkedin.com/jobs/view/3486187633/,Data Science,Jobs,2023-02-17T01:33:01.047Z
https://www.linkedin.com/jobs/view/3467739190/,3467739190,Turing,Empleo Data Analyst | Trabajo Online,https://media.licdn.com/dms/image/D4D0BAQGFJMkBlTYwMA/company-logo_100_100/0/1667236443972?e=1684972800&v=beta&t=ZBoP4eKDwYKTdZ34XGX962La7TlR9hFeThf27MWHKXs,https://www.linkedin.com/company/18846814/,Colombia,En remoto,En busca de personal,2023-02-05,false,false,0,https://www.linkedin.com/jobs/view/3467739190/,Data Science,Jobs,2023-02-17T01:33:01.047Z
https://www.linkedin.com/jobs/view/3469257294/,3469257294,Turing,Remote Junior Python Developer Jobs | Turing,https://media.licdn.com/dms/image/D4D0BAQGFJMkBlTYwMA/company-logo_100_100/0/1667236443972?e=1684972800&v=beta&t=ZBoP4eKDwYKTdZ34XGX962La7TlR9hFeThf27MWHKXs,https://www.linkedin.com/company/18846814/,Colombia,En remoto,En busca de personal,,false,false,0,https://www.linkedin.com/jobs/view/3469257294/,Data Science,Jobs,2023-02-17T01:33:01.047Z
https://www.linkedin.com/jobs/view/3453744408/,3453744408,Yuxi Global,SR Data Science Engineer,https://media.licdn.com/dms/image/C560BAQEMVHdOOwKXqw/company-logo_100_100/0/1612298340470?e=1684972800&v=beta&t=9Iy-8FU0qWNVNQIjxTmWX-Wu1tV4-iCCd2Vn8R0uH5w,https://www.linkedin.com/company/206286/,"Medellín, Antioquia, Colombia",En remoto,En busca de personal,,true,false,0,https://www.linkedin.com/jobs/view/3453744408/,Data Science,Jobs,2023-02-17T01:33:01.047Z
https://www.linkedin.com/jobs/view/3368561025/,3368561025,Ericsson,Strategic Sourcing Student - Intern,https://media.licdn.com/dms/image/C4E0BAQGm9tH6lKJ-Gg/company-logo_100_100/0/1632729373424?e=1684972800&v=beta&t=zMf5z5fm8LPA5NAkE5pgxKdZPhxuxf-leTC5xs5atNc,https://www.linkedin.com/company/1060/,"Providencia, Archipiélago de San Andrés, Providencia y Santa Catalina, Colombia",,En busca de personal,,false,false,0,https://www.linkedin.com/jobs/view/3368561025/,Data Science,Jobs,2023-02-17T01:33:01.047Z
https://www.linkedin.com/jobs/view/3261482029/,3261482029,Syneos Health,Sr Clinical Data Scientist,https://media.licdn.com/dms/image/C4D0BAQHBsEZeIFwfmQ/company-logo_100_100/0/1519888772014?e=1684972800&v=beta&t=tA5hyal4QMOwVgGosG36td1-3zFKQPp1dtOuivvQVq8,https://www.linkedin.com/company/11408925/,Colombia,En remoto,En busca de personal,,false,false,0,https://www.linkedin.com/jobs/view/3261482029/,Data Science,Jobs,2023-02-17T01:33:01.047Z
https://www.linkedin.com/jobs/view/3475672355/,3475672355,Progi,Database Analyst,https://media.licdn.com/dms/image/C4D0BAQFIvZDucEdmFA/company-logo_100_100/0/1519952224268?e=1684972800&v=beta&t=HMOT5I_dUiKVLeM_nxOasTuTnAPzAl0MQITWUXbKAQY,https://www.linkedin.com/company/622325/,Área metropolitana de Medellín,Híbrido,En busca de personal,,true,false,0,https://www.linkedin.com/jobs/view/3475672355/,Data Science,Jobs,2023-02-17T01:33:01.047Z
https://www.linkedin.com/jobs/view/3482937788/,3482937788,Covinoc S.A.,Científico de datos área de riesgo,https://media.licdn.com/dms/image/C4E0BAQESMpi6VfsL9w/company-logo_100_100/0/1673647313842?e=1684972800&v=beta&t=RyZKPeBPxGe15SIav0ppC87IA8c8Q885W7FClxDBR_c,https://www.linkedin.com/company/1360028/,"Bogotá, Distrito Capital, Colombia",Híbrido,,2023-02-14,false,false,0,https://www.linkedin.com/jobs/view/3482937788/,Data Science,Jobs,2023-02-17T01:33:01.047Z
https://www.linkedin.com/jobs/view/3478685855/,3478685855,ProV International,Senior Java Backend Developer,https://media.licdn.com/dms/image/C4D0BAQE_MXZDKMs4bA/company-logo_100_100/0/1519856272596?e=1684972800&v=beta&t=zrilM6a_-S-QOQp0fPzqo3T5GxupHN1sxgwjBtKZva8,https://www.linkedin.com/company/19071/,"Bogotá, Distrito Capital, Colombia",Híbrido,En busca de personal,,true,false,13,https://www.linkedin.com/jobs/view/3478685855/,Data Science,Jobs,2023-02-17T01:33:01.047Z
https://www.linkedin.com/jobs/view/3485087821/,3485087821,Avant,Data Engineer,https://media.licdn.com/dms/image/C560BAQF0vMkLDrUVdg/company-logo_100_100/0/1673394359051?e=1684972800&v=beta&t=Dnz52CHve6F00EWeZmhzoVVbaO_rG0-K5W7O3kaSUYU,https://www.linkedin.com/company/3106804/,"Perímetro Urbano Medellín, Antioquia, Colombia",,Tu perfil se ajusta a este empleo,,false,false,8,https://www.linkedin.com/jobs/view/3485087821/,Data Science,Jobs,2023-02-17T01:33:01.047Z
https://www.linkedin.com/jobs/view/3414498544/,3414498544,EPAM Systems,Senior Data Scientist - Remote,https://media.licdn.com/dms/image/C4D0BAQHzK9-4vKacXQ/company-logo_100_100/0/1673250788390?e=1684972800&v=beta&t=nxDPo5HKeSfLPqU9iDhkm-jDBjAHQV3e93VrZSehXIE,https://www.linkedin.com/company/4972/,Colombia,En remoto,En busca de personal,,false,false,0,https://www.linkedin.com/jobs/view/3414498544/,Data Science,Jobs,2023-02-17T01:33:01.047Z
https://www.linkedin.com/jobs/view/3028001247/,3028001247,"QuantumBlack, AI by McKinsey",Data Engineer - QuantumBlack,https://media.licdn.com/dms/image/C560BAQG12pQe_GvUbQ/company-logo_100_100/0/1651050740305?e=1684972800&v=beta&t=8MI3OYvEIWNlkLqy0BMHdRRENp18DUHaW0kM5ieK1uw,https://www.linkedin.com/company/900243/,"Bogotá, Distrito Capital, Colombia",,,,false,false,0,https://www.linkedin.com/jobs/view/3028001247/,Data Science,Jobs,2023-02-17T01:33:01.047Z
https://www.linkedin.com/jobs/view/3446034625/,3446034625,Kin + Carta,Data Engineer,https://media.licdn.com/dms/image/C560BAQEEx4Sl8abefg/company-logo_100_100/0/1656934936448?e=1684972800&v=beta&t=Uv-6TX-HOtM58Kd9h8YzviYYOx6T7GwCRYkxAkOK7q0,https://www.linkedin.com/company/18802834/,Colombia,En remoto,En busca de personal,,false,false,0,https://www.linkedin.com/jobs/view/3446034625/,Data Science,Jobs,2023-02-17T01:33:01.047Z
https://www.linkedin.com/jobs/view/3469527718/,3469527718,Turing,Empleo Machine Learning | Trabajo Online,https://media.licdn.com/dms/image/D4D0BAQGFJMkBlTYwMA/company-logo_100_100/0/1667236443972?e=1684972800&v=beta&t=ZBoP4eKDwYKTdZ34XGX962La7TlR9hFeThf27MWHKXs,https://www.linkedin.com/company/18846814/,Colombia,En remoto,En busca de personal,2023-01-13,false,false,4,https://www.linkedin.com/jobs/view/3469527718/,Data Science,Jobs,2023-02-17T01:33:01.047Z
https://www.linkedin.com/jobs/view/3465757543/,3465757543,Nagarro,Bilingual Data Engineer,https://media.licdn.com/dms/image/C4D0BAQGakx_sW7QSjw/company-logo_100_100/0/1670311156790?e=1684972800&v=beta&t=yT3jZhlI8y1hu2KbaKGR3lFNLyBoRIhR6YFVcCWY2Xk,https://www.linkedin.com/company/11902/,"Bogotá, Distrito Capital, Colombia",En remoto,En busca de personal,,true,false,0,https://www.linkedin.com/jobs/view/3465757543/,Data Science,Jobs,2023-02-17T01:33:01.047Z
https://www.linkedin.com/jobs/view/3448320430/,3448320430,Datavail,"Azure Data Engineer (Remoto, Colombia)",https://media.licdn.com/dms/image/C4D0BAQEhuP8Bw8DBnw/company-logo_100_100/0/1532119132783?e=1684972800&v=beta&t=ziz_iT9L5AvWrIzWq6vRj06AylPC4sV3d4uNcCwqMOc,https://www.linkedin.com/company/323777/,Colombia,En remoto,En busca de personal,,false,false,0,https://www.linkedin.com/jobs/view/3448320430/,Data Science,Jobs,2023-02-17T01:33:06.142Z
https://www.linkedin.com/jobs/view/3472936223/,3472936223,Firework,ML/Data Engineer,https://media.licdn.com/dms/image/D560BAQE0X9y80oApVw/company-logo_100_100/0/1665500903783?e=1684972800&v=beta&t=glHN7ljOL_BwtZaaD_BoIcs-41qi2xvS7IWTmLNdomk,https://www.linkedin.com/company/18700473/,Colombia,En remoto,Tu perfil se ajusta a este empleo,,false,false,0,https://www.linkedin.com/jobs/view/3472936223/,Data Science,Jobs,2023-02-17T01:33:06.142Z
https://www.linkedin.com/jobs/view/3473622447/,3473622447,BPT Software,Ingeniero de datos Senior,https://media.licdn.com/dms/image/C4E0BAQFNyiWFrXUHfQ/company-logo_100_100/0/1646423707325?e=1684972800&v=beta&t=3BbDETNfW7fSbDDHUbEq3TVmxpkT81uevYuxTKFYMAM,https://www.linkedin.com/company/33279032/,Colombia,En remoto,Tu perfil se ajusta a este empleo,,true,false,0,https://www.linkedin.com/jobs/view/3473622447/,Data Science,Jobs,2023-02-17T01:33:06.142Z
https://www.linkedin.com/jobs/view/3455564303/,3455564303,S&P Global,Data Scientist,https://media.licdn.com/dms/image/C4D0BAQE9P6lrAqMSyg/company-logo_100_100/0/1657012106656?e=1684972800&v=beta&t=L6iwxXUAi3gTnF31FP04Fsa7QyhzsC3bqdhjzGho8tE,https://www.linkedin.com/company/2934/,"Bogotá, Distrito Capital, Colombia",Presencial,En busca de personal,,false,false,0,https://www.linkedin.com/jobs/view/3455564303/,Data Science,Jobs,2023-02-17T01:33:06.142Z
https://www.linkedin.com/jobs/view/3485398176/,3485398176,Procalidad Analytics,Científico de datos,https://media.licdn.com/dms/image/C4D0BAQHxa13ue8YXQw/company-logo_100_100/0/1650489722939?e=1684972800&v=beta&t=gFzOvXiX-fj1it3MyQbP_m6mBwjp8e5HAAxucGqShwg,https://www.linkedin.com/company/604032/,"Bogotá, Distrito Capital, Colombia",En remoto,,2023-01-22,false,false,21,https://www.linkedin.com/jobs/view/3485398176/,Data Science,Jobs,2023-02-17T01:33:06.142Z
https://www.linkedin.com/jobs/view/3462267906/,3462267906,Kin + Carta,Data Scientist / Engineer,https://media.licdn.com/dms/image/C560BAQEEx4Sl8abefg/company-logo_100_100/0/1656934936448?e=1684972800&v=beta&t=Uv-6TX-HOtM58Kd9h8YzviYYOx6T7GwCRYkxAkOK7q0,https://www.linkedin.com/company/18802834/,Colombia,En remoto,En busca de personal,,false,false,0,https://www.linkedin.com/jobs/view/3462267906/,Data Science,Jobs,2023-02-17T01:33:06.142Z
https://www.linkedin.com/jobs/view/3478866439/,3478866439,Hikvision,Estudiante en prácticas,https://media.licdn.com/dms/image/C510BAQFa3QiT3FwjcQ/company-logo_100_100/0/1561604442842?e=1684972800&v=beta&t=JSBW2nVp3t9TLNxQDqiby4u2V9fJDo2AocQxK-KuiJk,https://www.linkedin.com/company/678567/,"Medellín, Antioquia, Colombia",Presencial,Tu perfil se ajusta a este empleo,,true,false,4,https://www.linkedin.com/jobs/view/3478866439/,Data Science,Jobs,2023-02-17T01:33:06.142Z
https://www.linkedin.com/jobs/view/3453874235/,3453874235,Genius Sports,Data Scientist,https://media.licdn.com/dms/image/C4D0BAQECVe0MtzRTyw/company-logo_100_100/0/1625153855187?e=1684972800&v=beta&t=kZTm4racEDWg6PUdecwBpdkLYi1mmam8NboEoxoqLfI,https://www.linkedin.com/company/22208562/,"Perímetro Urbano Medellín, Antioquia, Colombia",Híbrido,En busca de personal,,false,false,0,https://www.linkedin.com/jobs/view/3453874235/,Data Science,Jobs,2023-02-17T01:33:06.142Z
https://www.linkedin.com/jobs/view/3481366403/,3481366403,Entelgy,Consultor Ethical Hacker,https://media.licdn.com/dms/image/C4E0BAQHwYHPkCtJXoA/company-logo_100_100/0/1538472913675?e=1684972800&v=beta&t=Xmy-GN541kEUYsPCvs5mL2nBQrmHmoiiWIrSo4EK-gw,https://www.linkedin.com/company/502847/,"Bogotá, Distrito Capital, Colombia",En remoto,En busca de personal,,true,false,0,https://www.linkedin.com/jobs/view/3481366403/,Data Science,Jobs,2023-02-17T01:33:06.142Z
https://www.linkedin.com/jobs/view/3437024589/,3437024589,NEWTON VISION CORP,Data Engineer,https://media.licdn.com/dms/image/C560BAQEmKlS5IbrxxA/company-logo_100_100/0/1590247344962?e=1684972800&v=beta&t=BaRig6WuXSPaUq1igj1FVnytTh9XqIOaRmc8e6QqOqg,https://www.linkedin.com/company/55049719/,"Distrito Capital, Colombia",En remoto,En busca de personal,,false,false,0,https://www.linkedin.com/jobs/view/3437024589/,Data Science,Jobs,2023-02-17T01:33:06.142Z
https://www.linkedin.com/jobs/view/3467737383/,3467737383,Turing,Empleo Data Scientist (Operations Research) | Trabajo Online,https://media.licdn.com/dms/image/D4D0BAQGFJMkBlTYwMA/company-logo_100_100/0/1667236443972?e=1684972800&v=beta&t=ZBoP4eKDwYKTdZ34XGX962La7TlR9hFeThf27MWHKXs,https://www.linkedin.com/company/18846814/,Colombia,En remoto,En busca de personal,2023-02-05,false,false,14,https://www.linkedin.com/jobs/view/3467737383/,Data Science,Jobs,2023-02-17T01:33:06.142Z
https://www.linkedin.com/jobs/view/2592703277/,2592703277,PowerData,Data Engineer,https://media.licdn.com/dms/image/C4E0BAQFj9CHWleJl-g/company-logo_100_100/0/1549468169111?e=1684972800&v=beta&t=00C_RdGc9vBDD5q_94hVLLrF6hlFrl9s977_6C__PDY,https://www.linkedin.com/company/33787/,Colombia,En remoto,En busca de personal,,true,false,0,https://www.linkedin.com/jobs/view/2592703277/,Data Science,Jobs,2023-02-17T01:33:06.142Z
https://www.linkedin.com/jobs/view/3458246427/,3458246427,Holcim ABS,Especialista en Analítica de Datos Bilingüe,https://media.licdn.com/dms/image/C560BAQFrhp9rQRYZag/company-logo_100_100/0/1656682843967?e=1684972800&v=beta&t=jBGkjf_o-kbv9-qWqth5pzHF1-7I-nEAGXKYgmNi5Dc,https://www.linkedin.com/company/52198807/,Colombia,En remoto,En busca de personal,,true,false,0,https://www.linkedin.com/jobs/view/3458246427/,Data Science,Jobs,2023-02-17T01:33:06.142Z
https://www.linkedin.com/jobs/view/3384539667/,3384539667,dunnhumby,Applied Data Scientist,https://media.licdn.com/dms/image/C4E0BAQH8iEghhUITCg/company-logo_100_100/0/1657017232916?e=1684972800&v=beta&t=XZJMHzB_9zh1SvuXuMvKbIvR3dyioJtRtJtq56HkgQk,https://www.linkedin.com/company/6608/,"Medellín, Antioquia, Colombia",,En busca de personal,,true,false,0,https://www.linkedin.com/jobs/view/3384539667/,Data Science,Jobs,2023-02-17T01:33:06.142Z
https://www.linkedin.com/jobs/view/3451677847/,3451677847,Lulo bank,Backend Developer,https://media.licdn.com/dms/image/C4E0BAQEHCvVOB8IPSQ/company-logo_100_100/0/1657734167019?e=1684972800&v=beta&t=4l5LsoExYuQ_DXD4wc9qkf9OBIGg2JnWhKaFBefngwg,https://www.linkedin.com/company/75726884/,Colombia,En remoto,Tu perfil se ajusta a este empleo,,true,false,0,https://www.linkedin.com/jobs/view/3451677847/,Data Science,Jobs,2023-02-17T01:33:06.143Z
https://www.linkedin.com/jobs/view/3481585480/,3481585480,Adaviv,Business Analyst,https://media.licdn.com/dms/image/C4E0BAQHi3GzrtYGyyA/company-logo_100_100/0/1536618868822?e=1684972800&v=beta&t=zLGBZUt-iQER_QY8omkPio5nJ9tmcvGjqEXUpTBIhcw,https://www.linkedin.com/company/33271727/,Colombia,En remoto,,,false,false,0,https://www.linkedin.com/jobs/view/3481585480/,Data Science,Jobs,2023-02-17T01:33:06.143Z
https://www.linkedin.com/jobs/view/3468454802/,3468454802,Compensar,Científico de datos II,https://media.licdn.com/dms/image/D560BAQG87PcomUvb9g/company-logo_100_100/0/1667313822539?e=1684972800&v=beta&t=h_1-Yev4yKkyfabFa0Ytqrb8hWwk77K4Dxdr5o09axE,https://www.linkedin.com/company/3210192/,"Bogotá, Distrito Capital, Colombia",Presencial,,2023-02-04,false,false,0,https://www.linkedin.com/jobs/view/3468454802/,Data Science,Jobs,2023-02-17T01:33:06.143Z
https://www.linkedin.com/jobs/view/3475278931/,3475278931,Experian Spanish Latam,Analista Modelamiento de Datos,https://media.licdn.com/dms/image/C560BAQGTUowrgdJNSA/company-logo_100_100/0/1657043683599?e=1684972800&v=beta&t=FXlQf0qHDVq4SraMiC_Lm1iiPHxM2ErPuoBKP068h28,https://www.linkedin.com/company/73804409/,"Bogotá, Distrito Capital, Colombia",Híbrido,En busca de personal,,true,false,0,https://www.linkedin.com/jobs/view/3475278931/,Data Science,Jobs,2023-02-17T01:33:06.143Z
https://www.linkedin.com/jobs/view/3478243457/,3478243457,SLB,GIS Systems Analyst,https://media.licdn.com/dms/image/D560BAQFwhnoORL25KA/company-logo_100_100/0/1666604495973?e=1684972800&v=beta&t=Wn6ekAu36I9i-6zfBFXMk4OAWYZHOseWjjLQsT_c274,https://www.linkedin.com/company/1468/,"Bogotá, Distrito Capital, Colombia",,En busca de personal,,false,false,0,https://www.linkedin.com/jobs/view/3478243457/,Data Science,Jobs,2023-02-17T01:33:06.143Z
https://www.linkedin.com/jobs/view/3446766461/,3446766461,Inetum,Programador BBVA,https://media.licdn.com/dms/image/C4D0BAQFo_2-ZPy_psw/company-logo_100_100/0/1601886757171?e=1684972800&v=beta&t=r4wWs0-1I5u0XxaoaSOWeVnRsvmKYdAxT9gtOUe3ew0,https://www.linkedin.com/company/68841835/,"Bogotá, Distrito Capital, Colombia",En remoto,En busca de personal,,true,false,0,https://www.linkedin.com/jobs/view/3446766461/,Data Science,Jobs,2023-02-17T01:33:06.143Z
https://www.linkedin.com/jobs/view/3450964398/,3450964398,Atento,Analista de Reporting,https://media.licdn.com/dms/image/D4E0BAQEnK1_at9q3PA/company-logo_100_100/0/1656675002642?e=1684972800&v=beta&t=IakuwMWPhkKi2uzdPfi3V8956KVLjIMG_Blw70w9ViE,https://www.linkedin.com/company/8384/,"Bogotá, Distrito Capital, Colombia",Híbrido,En busca de personal,,true,false,0,https://www.linkedin.com/jobs/view/3450964398/,Data Science,Jobs,2023-02-17T01:33:06.143Z
https://www.linkedin.com/jobs/view/3469884159/,3469884159,PageGroup,Analista de Data Maestría,https://media.licdn.com/dms/image/C4E0BAQE3MK45TOJwCg/company-logo_100_100/0/1663662417069?e=1684972800&v=beta&t=AET0OKDOrDCL-ygWz25CgEkw0MKPeJhjAXtAiTVZhO0,https://www.linkedin.com/company/2936349/,"Medellín, Antioquia, Colombia",En remoto,En busca de personal,,false,false,0,https://www.linkedin.com/jobs/view/3469884159/,Data Science,Jobs,2023-02-17T01:33:06.143Z
https://www.linkedin.com/jobs/view/3484961756/,3484961756,KAIOWA,Líder Analítica de Datos,https://media.licdn.com/dms/image/C4E0BAQFOcCXUOa_g8w/company-logo_100_100/0/1622039505054?e=1684972800&v=beta&t=BOMDQqU9SlVdsQ2smfCYYLHiiHFNIvWMDBFMWxYgDtQ,https://www.linkedin.com/company/78131740/,"La Estrella, Antioquia, Colombia",Híbrido,En busca de personal,2023-02-16,true,false,0,https://www.linkedin.com/jobs/view/3484961756/,Data Science,Jobs,2023-02-17T01:33:06.143Z
https://www.linkedin.com/jobs/view/3450840811/,3450840811,Scotiabank Colpatria,Engineering Manager,https://media.licdn.com/dms/image/C560BAQFIJCRCoOPtfQ/company-logo_100_100/0/1656682679582?e=1684972800&v=beta&t=JLWwHT42VwDIfGxe1uvAll5p9jVjXzwCEbcjfZt8kko,https://www.linkedin.com/company/11755816/,Colombia,En remoto,,,true,false,0,https://www.linkedin.com/jobs/view/3450840811/,Data Science,Jobs,2023-02-17T01:33:06.143Z
https://www.linkedin.com/jobs/view/3399613595/,3399613595,Addi,Technical Recruiter,https://media.licdn.com/dms/image/C4D0BAQFiyyWBPRnFGA/company-logo_100_100/0/1667925141858?e=1684972800&v=beta&t=P9Ou6ZNQV5yZYDoXRC5zhCl6_no1SMJVCI68Qr_TaDI,https://www.linkedin.com/company/18825883/,"Bogotá, Distrito Capital, Colombia",En remoto,En busca de personal,,true,false,0,https://www.linkedin.com/jobs/view/3399613595/,Data Science,Jobs,2023-02-17T01:33:06.143Z
https://www.linkedin.com/jobs/view/3451666136/,3451666136,Scotiabank Colpatria,Arquitect@ de Software,https://media.licdn.com/dms/image/C560BAQFIJCRCoOPtfQ/company-logo_100_100/0/1656682679582?e=1684972800&v=beta&t=JLWwHT42VwDIfGxe1uvAll5p9jVjXzwCEbcjfZt8kko,https://www.linkedin.com/company/11755816/,Colombia,En remoto,,,true,false,0,https://www.linkedin.com/jobs/view/3451666136/,Data Science,Jobs,2023-02-17T01:33:10.938Z
https://www.linkedin.com/jobs/view/3451231829/,3451231829,S&P Global,Data Scientist,https://media.licdn.com/dms/image/C4D0BAQE9P6lrAqMSyg/company-logo_100_100/0/1657012106656?e=1684972800&v=beta&t=L6iwxXUAi3gTnF31FP04Fsa7QyhzsC3bqdhjzGho8tE,https://www.linkedin.com/company/2934/,"Bogotá, Distrito Capital, Colombia",Presencial,En busca de personal,,false,false,0,https://www.linkedin.com/jobs/view/3451231829/,Data Science,Jobs,2023-02-17T01:33:10.938Z
https://www.linkedin.com/jobs/view/3445284633/,3445284633,dunnhumby,Associate Applied Data Scientist,https://media.licdn.com/dms/image/C4E0BAQH8iEghhUITCg/company-logo_100_100/0/1657017232916?e=1684972800&v=beta&t=XZJMHzB_9zh1SvuXuMvKbIvR3dyioJtRtJtq56HkgQk,https://www.linkedin.com/company/6608/,"Medellín, Antioquia, Colombia",,En busca de personal,,true,false,0,https://www.linkedin.com/jobs/view/3445284633/,Data Science,Jobs,2023-02-17T01:33:10.938Z
https://www.linkedin.com/jobs/view/3486259465/,3486259465,Corporación Ruta N,Contratista Coordinador de datos,https://media.licdn.com/dms/image/C4E0BAQGkt-Nm9VjDqw/company-logo_100_100/0/1671813389869?e=1684972800&v=beta&t=SKDnGuCR-G5F6tTmM4lI7KxU9HPnuUW5gyAV6OYs7lo,https://www.linkedin.com/company/960209/,Área metropolitana de Medellín,Presencial,,,true,false,0,https://www.linkedin.com/jobs/view/3486259465/,Data Science,Jobs,2023-02-17T01:33:10.938Z
https://www.linkedin.com/jobs/view/3464366882/,3464366882,Choucair Testing S.A.,Experto en inteligencia artificial,https://media.licdn.com/dms/image/C560BAQHv4rt7OfaY0w/company-logo_100_100/0/1639280514393?e=1684972800&v=beta&t=j1iITF-93t68FFieUVSIdI0PTEfu4CLuZGCwcmr_F3k,https://www.linkedin.com/company/3995874/,"Medellin, Antioquia, Colombia",Presencial,En busca de personal,2023-02-01,false,false,5,https://www.linkedin.com/jobs/view/3464366882/,Data Science,Jobs,2023-02-17T01:33:10.938Z
https://www.linkedin.com/jobs/view/3476785492/,3476785492,SLB,Data Operations Analyst,https://media.licdn.com/dms/image/D560BAQFwhnoORL25KA/company-logo_100_100/0/1666604495973?e=1684972800&v=beta&t=Wn6ekAu36I9i-6zfBFXMk4OAWYZHOseWjjLQsT_c274,https://www.linkedin.com/company/1468/,"Bogotá, Distrito Capital, Colombia",Presencial,En busca de personal,,false,false,23,https://www.linkedin.com/jobs/view/3476785492/,Data Science,Jobs,2023-02-17T01:33:10.938Z
https://www.linkedin.com/jobs/view/3309569257/,3309569257,O-I,IT ADMINISTRATION ANALYST,https://media.licdn.com/dms/image/C4D0BAQEnRhLxDSPacQ/company-logo_100_100/0/1625166732251?e=1684972800&v=beta&t=UIyf9QcAXyEJnquiI8ywIKNj_KllAjl_7MK2JKC2tRc,https://www.linkedin.com/company/8275/,"Bogotá, Distrito Capital, Colombia",En remoto,En busca de personal,,false,false,0,https://www.linkedin.com/jobs/view/3309569257/,Data Science,Jobs,2023-02-17T01:33:10.938Z
https://www.linkedin.com/jobs/view/3450821502/,3450821502,Broadvoice,Customer Success Professional,https://media.licdn.com/dms/image/C560BAQF6p07JXL6N9w/company-logo_100_100/0/1625678165366?e=1684972800&v=beta&t=ujupRVuKyA7aqwSgW5CpV1KSqYwLNKBB-fh_wbYZQnQ,https://www.linkedin.com/company/57907/,Colombia,En remoto,En busca de personal,,true,false,0,https://www.linkedin.com/jobs/view/3450821502/,Data Science,Jobs,2023-02-17T01:33:10.938Z
https://www.linkedin.com/jobs/view/3478618596/,3478618596,Fiduciaria de Occidente S.A.,Ingeniero de Ciberseguridad,https://media.licdn.com/dms/image/C560BAQEzJDvXoH4TQA/company-logo_100_100/0/1645654175626?e=1684972800&v=beta&t=4ftHChxqMxVyuHo1057sDOoAwJp9DoEAhn3CnMikx7E,https://www.linkedin.com/company/10085774/,"Bogotá, Distrito Capital, Colombia",Híbrido,En busca de personal,,true,false,0,https://www.linkedin.com/jobs/view/3478618596/,Data Science,Jobs,2023-02-17T01:33:10.938Z
https://www.linkedin.com/jobs/view/3471105964/,3471105964,SoftwareONE Colombia,Analista de plataforma,https://media.licdn.com/dms/image/C4D0BAQGzd5Dz0hvacw/company-logo_100_100/0/1654273050684?e=1684972800&v=beta&t=vmXl0HIl_U7V0nFmfjxtdca_Pyy84zrvway77QRCcfU,https://www.linkedin.com/company/9206139/,"Medellín, Antioquia, Colombia",Híbrido,En busca de personal,,true,false,0,https://www.linkedin.com/jobs/view/3471105964/,Data Science,Jobs,2023-02-17T01:33:10.938Z
https://www.linkedin.com/jobs/view/3477057403/,3477057403,"Stanley Black & Decker, Inc.",Data Analyst,https://media.licdn.com/dms/image/C4D0BAQE5ahBMliaRVw/company-logo_100_100/0/1519922023107?e=1684972800&v=beta&t=dAva1BsODpw_i-9WSElWGWM7i6A75AOrwO4GTK9_Dqo,https://www.linkedin.com/company/884316/,"Perímetro Urbano Medellín, Antioquia, Colombia",En remoto,En busca de personal,2023-02-10,false,false,0,https://www.linkedin.com/jobs/view/3477057403/,Data Science,Jobs,2023-02-17T01:33:10.938Z
https://www.linkedin.com/jobs/view/3319646528/,3319646528,Datavail,Consultant,https://media.licdn.com/dms/image/C4D0BAQEhuP8Bw8DBnw/company-logo_100_100/0/1532119132783?e=1684972800&v=beta&t=ziz_iT9L5AvWrIzWq6vRj06AylPC4sV3d4uNcCwqMOc,https://www.linkedin.com/company/323777/,Colombia,En remoto,En busca de personal,,false,false,0,https://www.linkedin.com/jobs/view/3319646528/,Data Science,Jobs,2023-02-17T01:33:10.938Z
https://www.linkedin.com/jobs/view/3451010753/,3451010753,EPAM Anywhere,Data Analyst,https://media.licdn.com/dms/image/C4E0BAQHJUDZhWnP4MA/company-logo_100_100/0/1654088523608?e=1684972800&v=beta&t=p285_Ugic_Xx_od5BvBdP9spidIDJ_EKvfBbhpNgE9E,https://www.linkedin.com/company/75005848/,Colombia,En remoto,En busca de personal,,true,false,0,https://www.linkedin.com/jobs/view/3451010753/,Data Science,Jobs,2023-02-17T01:33:10.938Z
https://www.linkedin.com/jobs/view/3476768940/,3476768940,Evertec,Scrum Master,https://media.licdn.com/dms/image/C560BAQH2s2QXrp5TYg/company-logo_100_100/0/1656676117391?e=1684972800&v=beta&t=is5nz1RD60sqg1NvDlBfKPUsLsulNrD58_JDeX5q3Fs,https://www.linkedin.com/company/110492/,Colombia,En remoto,En busca de personal,,false,false,0,https://www.linkedin.com/jobs/view/3476768940/,Data Science,Jobs,2023-02-17T01:33:10.938Z
https://www.linkedin.com/jobs/view/3431158350/,3431158350,Holcim ADC,Analytics & Reporting Tools Specialist,https://media.licdn.com/dms/image/C560BAQH4nUkjwsdRyg/company-logo_100_100/0/1656682854960?e=1684972800&v=beta&t=h6h40__Tl9e7GWo-0hBYhchTtGx_JbaAchVVNXMYMMY,https://www.linkedin.com/company/70013870/,Colombia,En remoto,En busca de personal,,true,false,0,https://www.linkedin.com/jobs/view/3431158350/,Data Science,Jobs,2023-02-17T01:33:10.938Z
https://www.linkedin.com/jobs/view/3478381801/,3478381801,DAI,Consultoría – Bases de Datos y Observatorio CGR,https://media.licdn.com/dms/image/C4D0BAQFeCtkUnlzuEQ/company-logo_100_100/0/1558444297043?e=1684972800&v=beta&t=1Tsup6iknGvSTc0EOHnwKPQ2GzpvnXR4KiIpQjwiqm8,https://www.linkedin.com/company/163328/,"Bogotá, Distrito Capital, Colombia",Presencial,Tu perfil se ajusta a este empleo,,false,false,0,https://www.linkedin.com/jobs/view/3478381801/,Data Science,Jobs,2023-02-17T01:33:10.938Z
https://www.linkedin.com/jobs/view/3464369115/,3464369115,Choucair Testing S.A.,Experto en inteligencia artificial,https://media.licdn.com/dms/image/C560BAQHv4rt7OfaY0w/company-logo_100_100/0/1639280514393?e=1684972800&v=beta&t=j1iITF-93t68FFieUVSIdI0PTEfu4CLuZGCwcmr_F3k,https://www.linkedin.com/company/3995874/,"Barbosa, Antioquia, Colombia",Presencial,En busca de personal,2023-02-01,false,false,1,https://www.linkedin.com/jobs/view/3464369115/,Data Science,Jobs,2023-02-17T01:33:10.938Z
https://www.linkedin.com/jobs/view/3482963821/,3482963821,ScotiaTech,IT Risk Associate,https://media.licdn.com/dms/image/C560BAQHgcF1CVukWBw/company-logo_100_100/0/1651068466863?e=1684972800&v=beta&t=08gl41qvsB0TG8XRYWyUhH0MbsIdDYlwD7fDN4J1xVc,https://www.linkedin.com/company/64604662/,Colombia,En remoto,En busca de personal,,false,false,0,https://www.linkedin.com/jobs/view/3482963821/,Data Science,Jobs,2023-02-17T01:33:10.938Z
https://www.linkedin.com/jobs/view/3486640989/,3486640989,Aon,Latam Analista,https://media.licdn.com/dms/image/C560BAQE6qfY9FZ0C0w/company-logo_100_100/0/1663684478440?e=1684972800&v=beta&t=GUrwRfWQQWQYSDrwTgdSUEafIIp9TPaj2cacMaZ9Xws,https://www.linkedin.com/company/2041/,"Bogotá, Distrito Capital, Colombia",,Tu perfil se ajusta a este empleo,,false,false,0,https://www.linkedin.com/jobs/view/3486640989/,Data Science,Jobs,2023-02-17T01:33:10.938Z
https://www.linkedin.com/jobs/view/3479477572/,3479477572,Prosegur,Analista Senior de Riesgos - Bogotá,https://media.licdn.com/dms/image/C4E0BAQG-Uo6ch4hGdw/company-logo_100_100/0/1645704331802?e=1684972800&v=beta&t=RuZRiMte9rW0PN4xK6Pynkx7nXXzzeTynbPucaoys6c,https://www.linkedin.com/company/15449/,"Bogotá, Distrito Capital, Colombia",Híbrido,Tu perfil se ajusta a este empleo,,true,false,0,https://www.linkedin.com/jobs/view/3479477572/,Data Science,Jobs,2023-02-17T01:33:10.938Z
https://www.linkedin.com/jobs/view/3437804143/,3437804143,Porvenir Pensiones y Cesantías,Analista II SARLAFT,https://media.licdn.com/dms/image/C4D0BAQHI5FHqBpVMuw/company-logo_100_100/0/1648135059935?e=1684972800&v=beta&t=gaZdyNmLfpu9d6j2q_ScF92dQskPuDe8f7KlfE6UnTA,https://www.linkedin.com/company/1324576/,"Bogotá, Distrito Capital, Colombia",Híbrido,En busca de personal,,true,false,0,https://www.linkedin.com/jobs/view/3437804143/,Data Science,Jobs,2023-02-17T01:33:10.938Z
https://www.linkedin.com/jobs/view/3456772305/,3456772305,Chemonics International,RFPVRIMMA079 - Consultoría para asesorar y asistir técnicamente a la Subsecretaría de Atención a la Población Víctima de la Violencia en lo relacionado con la responsabilidad de Secretaría Técnica,https://media.licdn.com/dms/image/C560BAQFMfcG2uiz_7w/company-logo_100_100/0/1519856577223?e=1684972800&v=beta&t=Z20LZ-Sx29OHRfe1BNzNNKcba-FTNqYtr3uSYmoStVA,https://www.linkedin.com/company/7738/,"Cali, Valle del Cauca, Colombia",En remoto,En busca de personal,,true,false,0,https://www.linkedin.com/jobs/view/3456772305/,Data Science,Jobs,2023-02-17T01:33:10.939Z
https://www.linkedin.com/jobs/view/3478271988/,3478271988,Choucair Testing S.A.,Experto en inteligencia artificial,https://media.licdn.com/dms/image/C560BAQHv4rt7OfaY0w/company-logo_100_100/0/1639280514393?e=1684972800&v=beta&t=j1iITF-93t68FFieUVSIdI0PTEfu4CLuZGCwcmr_F3k,https://www.linkedin.com/company/3995874/,"Puerto Bogotá, Cundinamarca, Colombia",,Tu perfil se ajusta a este empleo,2023-02-02,false,false,0,https://www.linkedin.com/jobs/view/3478271988/,Data Science,Jobs,2023-02-17T01:33:10.939Z
https://www.linkedin.com/jobs/view/3451837823/,3451837823,CGI,Analista Funcional,https://media.licdn.com/dms/image/C4E0BAQErzXWSFkn9tQ/company-logo_100_100/0/1663664110409?e=1684972800&v=beta&t=SL5Bnn_EpE-m8aKVRNgttlHlJMzqG02pOE3fyptSDA4,https://www.linkedin.com/company/1415/,"Bogotá, Distrito Capital, Colombia",En remoto,Tu perfil se ajusta a este empleo,,true,false,0,https://www.linkedin.com/jobs/view/3451837823/,Data Science,Jobs,2023-02-17T01:33:10.939Z
https://www.linkedin.com/jobs/view/3479474831/,3479474831,Inmetrics LATAM,Analista Base24,https://media.licdn.com/dms/image/C4D0BAQEfPw1uP-rSdg/company-logo_100_100/0/1672776721985?e=1684972800&v=beta&t=Ko9YBPQ-xCbyOXoPufH0jNC1umWVG0FUoz2BQl13Fn8,https://www.linkedin.com/company/20537284/,"Distrito Capital, Colombia",Híbrido,En busca de personal,,true,false,14,https://www.linkedin.com/jobs/view/3479474831/,Data Science,Jobs,2023-02-17T01:33:10.939Z
https://www.linkedin.com/jobs/view/3459761375/,3459761375,Sii Group Colombia,Data Enginneer,https://media.licdn.com/dms/image/C4E0BAQEWC_sAYt5U-A/company-logo_100_100/0/1658290394031?e=1684972800&v=beta&t=vtS29PlYgwa8sUpJPPoUFulrtyWB8kFmh9qn1sY9xck,https://www.linkedin.com/company/11391919/,"Bogotá, Distrito Capital, Colombia",Híbrido,En busca de personal,,false,false,0,https://www.linkedin.com/jobs/view/3459761375/,Data Science,Jobs,2023-02-17T01:33:15.676Z
https://www.linkedin.com/jobs/view/3479664652/,3479664652,SLB,Sr ML Engineer,https://media.licdn.com/dms/image/D560BAQFwhnoORL25KA/company-logo_100_100/0/1666604495973?e=1684972800&v=beta&t=Wn6ekAu36I9i-6zfBFXMk4OAWYZHOseWjjLQsT_c274,https://www.linkedin.com/company/1468/,"Bogotá, Distrito Capital, Colombia",Presencial,En busca de personal,,false,false,0,https://www.linkedin.com/jobs/view/3479664652/,Data Science,Jobs,2023-02-17T01:33:15.676Z
https://www.linkedin.com/jobs/view/3458286061/,3458286061,Aleatica,ESPECIALISTA DEL SISTEMA DE GESTIÓN INTEGRAl.,https://media.licdn.com/dms/image/C560BAQHDaJjP7vrqbw/company-logo_100_100/0/1656698540978?e=1684972800&v=beta&t=-FbaDbIUKV9Iys1l3AbqDYhWnMfev-0QWFqhhTRCHB8,https://www.linkedin.com/company/49058969/,"Puerto Berrío, Antioquia, Colombia",Presencial,Tu perfil se ajusta a este empleo,,true,false,0,https://www.linkedin.com/jobs/view/3458286061/,Data Science,Jobs,2023-02-17T01:33:15.676Z
https://www.linkedin.com/jobs/view/3460709885/,3460709885,SoftwareONE Colombia,Analista de soporte,https://media.licdn.com/dms/image/C4D0BAQGzd5Dz0hvacw/company-logo_100_100/0/1654273050684?e=1684972800&v=beta&t=vmXl0HIl_U7V0nFmfjxtdca_Pyy84zrvway77QRCcfU,https://www.linkedin.com/company/9206139/,"Medellín, Antioquia, Colombia",Híbrido,Tu perfil se ajusta a este empleo,,true,false,0,https://www.linkedin.com/jobs/view/3460709885/,Data Science,Jobs,2023-02-17T01:33:15.676Z
https://www.linkedin.com/jobs/view/3477427974/,3477427974,MSD LATAM,Data Analyst - Global Pharmacovigilance Case Management (Fixed Term Contact),https://media.licdn.com/dms/image/C560BAQH4uK-dds2gjg/company-logo_100_100/0/1656786762544?e=1684972800&v=beta&t=yiGa8WB7rdKIrVnppmeK7ShBUUscTIgQlQf0f7Ro7f0,https://www.linkedin.com/company/14776950/,"Bogotá, Distrito Capital, Colombia",Presencial,Tu perfil se ajusta a este empleo,2023-02-13,false,false,0,https://www.linkedin.com/jobs/view/3477427974/,Data Science,Jobs,2023-02-17T01:33:15.676Z
https://www.linkedin.com/jobs/view/3475688637/,3475688637,Addi,Business Analyst for Risk,https://media.licdn.com/dms/image/C4D0BAQFiyyWBPRnFGA/company-logo_100_100/0/1667925141858?e=1684972800&v=beta&t=P9Ou6ZNQV5yZYDoXRC5zhCl6_no1SMJVCI68Qr_TaDI,https://www.linkedin.com/company/18825883/,Colombia,En remoto,Tu perfil se ajusta a este empleo,,true,false,0,https://www.linkedin.com/jobs/view/3475688637/,Data Science,Jobs,2023-02-17T01:33:15.676Z
https://www.linkedin.com/jobs/view/3394921768/,3394921768,"QuantumBlack, AI by McKinsey",Principal Data Scientist - QuantumBlack,https://media.licdn.com/dms/image/C560BAQG12pQe_GvUbQ/company-logo_100_100/0/1651050740305?e=1684972800&v=beta&t=8MI3OYvEIWNlkLqy0BMHdRRENp18DUHaW0kM5ieK1uw,https://www.linkedin.com/company/900243/,"Bogotá, Distrito Capital, Colombia",,,,false,false,0,https://www.linkedin.com/jobs/view/3394921768/,Data Science,Jobs,2023-02-17T01:33:15.676Z
https://www.linkedin.com/jobs/view/3483466778/,3483466778,Bavaria - Colombia,Data Integration Lead,https://media.licdn.com/dms/image/D4E0BAQGYA6aeIp8TTw/company-logo_100_100/0/1666705547701?e=1684972800&v=beta&t=JdAzvFxklzHHqzjv42ztB4m0ZYzeoPWC_fqGKrgj77Q,https://www.linkedin.com/company/3073246/,"Bogotá, Distrito Capital, Colombia",Presencial,En busca de personal,,true,false,0,https://www.linkedin.com/jobs/view/3483466778/,Data Science,Jobs,2023-02-17T01:33:15.676Z
https://www.linkedin.com/jobs/view/3477543113/,3477543113,Organización Corona,Ingeniero Técnico de Procesos - Sogamoso,https://media.licdn.com/dms/image/C560BAQHJXsoZN_Kkjw/company-logo_100_100/0/1656703122163?e=1684972800&v=beta&t=nAf8oUj_csF7qgNiQY0wSB3epuVL8qxX3xZdC86TAwo,https://www.linkedin.com/company/120543/,"Sogamoso, Boyacá, Colombia",Presencial,En busca de personal,,false,false,0,https://www.linkedin.com/jobs/view/3477543113/,Data Science,Jobs,2023-02-17T01:33:15.676Z
https://www.linkedin.com/jobs/view/3438915660/,3438915660,Capgemini Engineering,Python Developer + QA,https://media.licdn.com/dms/image/C4E0BAQGf5YDRAgF5ow/company-logo_100_100/0/1675696304352?e=1684972800&v=beta&t=i-oo4b47EGEVntOIwLiq95Fxp0eqgXhC18fRtDFlphg,https://www.linkedin.com/company/72092703/,Colombia,En remoto,En busca de personal,,true,false,0,https://www.linkedin.com/jobs/view/3438915660/,Data Science,Jobs,2023-02-17T01:33:15.676Z
https://www.linkedin.com/jobs/view/3467739019/,3467739019,Turing,Remote Data Science NLP Analyst Jobs | Turing,https://media.licdn.com/dms/image/D4D0BAQGFJMkBlTYwMA/company-logo_100_100/0/1667236443972?e=1684972800&v=beta&t=ZBoP4eKDwYKTdZ34XGX962La7TlR9hFeThf27MWHKXs,https://www.linkedin.com/company/18846814/,Colombia,En remoto,En busca de personal,2023-01-11,false,false,0,https://www.linkedin.com/jobs/view/3467739019/,Data Science,Jobs,2023-02-17T01:33:15.676Z
https://www.linkedin.com/jobs/view/3455147102/,3455147102,Evertec,Sr. Business Analyst,https://media.licdn.com/dms/image/C560BAQH2s2QXrp5TYg/company-logo_100_100/0/1656676117391?e=1684972800&v=beta&t=is5nz1RD60sqg1NvDlBfKPUsLsulNrD58_JDeX5q3Fs,https://www.linkedin.com/company/110492/,"Bogotá, Distrito Capital, Colombia",En remoto,En busca de personal,,true,false,0,https://www.linkedin.com/jobs/view/3455147102/,Data Science,Jobs,2023-02-17T01:33:15.676Z
https://www.linkedin.com/jobs/view/3452440709/,3452440709,Tata Consultancy Services,Arquitecto,https://media.licdn.com/dms/image/C4D0BAQFPP1NRP4F5dQ/company-logo_100_100/0/1656657976685?e=1684972800&v=beta&t=24BwXKYTYDAcftk42hO04zrP8Cl_xTY_cJVlGZopLik,https://www.linkedin.com/company/1353/,Colombia,En remoto,En busca de personal,,true,false,0,https://www.linkedin.com/jobs/view/3452440709/,Data Science,Jobs,2023-02-17T01:33:15.676Z
https://www.linkedin.com/jobs/view/3481974853/,3481974853,Banco Davivienda,Ingeniero Bot - GCP,https://media.licdn.com/dms/image/C510BAQFgUrtsFZfqdg/company-logo_100_100/0/1519902501533?e=1684972800&v=beta&t=fWomEKSMHOVES_Ju0OhxV8jf3An_Z6NaSmEoTJWn5Hc,https://www.linkedin.com/company/597974/,"Bogotá, Distrito Capital, Colombia",Presencial,En busca de personal,,false,false,0,https://www.linkedin.com/jobs/view/3481974853/,Data Science,Jobs,2023-02-17T01:33:15.677Z
https://www.linkedin.com/jobs/view/3456822036/,3456822036,,Analista Precios de Transferencia,,,"Bogotá, Distrito Capital, Colombia",Presencial,En busca de personal,,true,false,0,https://www.linkedin.com/jobs/view/3456822036/,Data Science,Jobs,2023-02-17T01:33:15.677Z
https://www.linkedin.com/jobs/view/3483155030/,3483155030,Tonic3,Project Manager,https://media.licdn.com/dms/image/C4E0BAQEluD2WXgj8Uw/company-logo_100_100/0/1625605477472?e=1684972800&v=beta&t=HxGxaPye_oDMmevp-_rmpyrXdlSYwTwhvqXMyfGkxt0,https://www.linkedin.com/company/3800338/,Colombia,En remoto,En busca de personal,,true,false,0,https://www.linkedin.com/jobs/view/3483155030/,Data Science,Jobs,2023-02-17T01:33:15.677Z
https://www.linkedin.com/jobs/view/3486682538/,3486682538,MSD LATAM,Clinical Research Associate (Home Based),https://media.licdn.com/dms/image/C560BAQH4uK-dds2gjg/company-logo_100_100/0/1656786762544?e=1684972800&v=beta&t=yiGa8WB7rdKIrVnppmeK7ShBUUscTIgQlQf0f7Ro7f0,https://www.linkedin.com/company/14776950/,"Bogotá, Distrito Capital, Colombia",,,2023-02-16,false,false,1,https://www.linkedin.com/jobs/view/3486682538/,Data Science,Jobs,2023-02-17T01:33:15.677Z
https://www.linkedin.com/jobs/view/3469886189/,3469886189,RobinFood,BUSINESS INTELLIGENCE ANALYST,https://media.licdn.com/dms/image/C560BAQHgwWWPcvcNHA/company-logo_100_100/0/1663026724119?e=1684972800&v=beta&t=C24WeOyE-fti9f-5fUoDuYiTYNRBjD_olNymGbhBl8s,https://www.linkedin.com/company/71093993/,Colombia,En remoto,En busca de personal,,true,false,0,https://www.linkedin.com/jobs/view/3469886189/,Data Science,Jobs,2023-02-17T01:33:15.677Z
https://www.linkedin.com/jobs/view/3478629715/,3478629715,Scotiabank Colpatria,Gestor (Trader) Portafolio Terceros Fiduciaria,https://media.licdn.com/dms/image/C560BAQFIJCRCoOPtfQ/company-logo_100_100/0/1656682679582?e=1684972800&v=beta&t=JLWwHT42VwDIfGxe1uvAll5p9jVjXzwCEbcjfZt8kko,https://www.linkedin.com/company/11755816/,"Bogotá, Distrito Capital, Colombia",Híbrido,,,true,false,0,https://www.linkedin.com/jobs/view/3478629715/,Data Science,Jobs,2023-02-17T01:33:15.677Z
https://www.linkedin.com/jobs/view/3461605736/,3461605736,Mercado Libre,Diseñadora / Diseñador User Experience para Tecnología Bootcamp - Remoto,https://media.licdn.com/dms/image/C4E0BAQGh9F1O_wHDSA/company-logo_100_100/0/1639512920011?e=1684972800&v=beta&t=V7RMUOMdRvQBjm3dZpS3DxqbNK-Z7-8ZUuxmxhmVIC0,https://www.linkedin.com/company/14226/,"Bogotá, Distrito Capital, Colombia",En remoto,En busca de personal,,false,false,0,https://www.linkedin.com/jobs/view/3461605736/,Data Science,Jobs,2023-02-17T01:33:15.677Z
https://www.linkedin.com/jobs/view/3466537389/,3466537389,Nu,Business Analyst Manager,https://media.licdn.com/dms/image/C4D0BAQE2EnQJeawjAA/company-logo_100_100/0/1657129831129?e=1684972800&v=beta&t=sUhASZhdrVLjtx9xMRbfSjeSAiFEPbkUe1EdjTZkZxI,https://www.linkedin.com/company/3767529/,"Providencia, Archipiélago de San Andrés, Providencia y Santa Catalina, Colombia",Presencial,En busca de personal,,false,false,0,https://www.linkedin.com/jobs/view/3466537389/,Data Science,Jobs,2023-02-17T01:33:15.677Z
https://www.linkedin.com/jobs/view/3486171544/,3486171544,Chemonics International,RFPVRIMMA089-Consultoría para brindar apoyo al Fondo de Actividades en la elaboración de Convenios,https://media.licdn.com/dms/image/C560BAQFMfcG2uiz_7w/company-logo_100_100/0/1519856577223?e=1684972800&v=beta&t=Z20LZ-Sx29OHRfe1BNzNNKcba-FTNqYtr3uSYmoStVA,https://www.linkedin.com/company/7738/,"Distrito Capital, Colombia",En remoto,En busca de personal,,true,false,0,https://www.linkedin.com/jobs/view/3486171544/,Data Science,Jobs,2023-02-17T01:33:15.677Z
https://www.linkedin.com/jobs/view/3467740884/,3467740884,Turing,Remote Data Scientist Jobs | Turing,https://media.licdn.com/dms/image/D4D0BAQGFJMkBlTYwMA/company-logo_100_100/0/1667236443972?e=1684972800&v=beta&t=ZBoP4eKDwYKTdZ34XGX962La7TlR9hFeThf27MWHKXs,https://www.linkedin.com/company/18846814/,Colombia,En remoto,En busca de personal,2023-01-12,false,false,0,https://www.linkedin.com/jobs/view/3467740884/,Data Science,Jobs,2023-02-17T01:33:15.677Z
https://www.linkedin.com/jobs/view/3480279994/,3480279994,Omnicom Media Group,Especialista Digital,https://media.licdn.com/dms/image/C4E0BAQGweJCvflba7w/company-logo_100_100/0/1662586324452?e=1684972800&v=beta&t=Uj-jNr--iwtL_n7Fq2x1e_NqtnkkNpQaFxziEKk8JxY,https://www.linkedin.com/company/1028487/,Colombia,En remoto,En busca de personal,,true,false,0,https://www.linkedin.com/jobs/view/3480279994/,Data Science,Jobs,2023-02-17T01:33:15.677Z
https://www.linkedin.com/jobs/view/3477529158/,3477529158,Itaú Colombia,Analista Senior CRM (Banca Mayorista),https://media.licdn.com/dms/image/C4E0BAQF7lWm87PS0BQ/company-logo_100_100/0/1658848595768?e=1684972800&v=beta&t=Jbh4GeS2Co-SkagNg_euAqIsbz_S2JXIvZ2N0WMtGYw,https://www.linkedin.com/company/9244289/,"Bogotá, Distrito Capital, Colombia",Híbrido,En busca de personal,,true,false,0,https://www.linkedin.com/jobs/view/3477529158/,Data Science,Jobs,2023-02-17T01:33:15.677Z
https://www.linkedin.com/jobs/view/3455638170/,3455638170,Grupo Financiero Ficohsa,Business Owner Digital,https://media.licdn.com/dms/image/C4E0BAQH3eaMgybLdAA/company-logo_100_100/0/1672683499695?e=1684972800&v=beta&t=HIgk7S-USJcFstU4Zgrlf0lPuWlxgosktlP_KeYnCdQ,https://www.linkedin.com/company/156526/,Colombia,En remoto,En busca de personal,,true,false,0,https://www.linkedin.com/jobs/view/3455638170/,Data Science,Jobs,2023-02-17T01:33:20.552Z
https://www.linkedin.com/jobs/view/3483772185/,3483772185,Valid,Desarrollador de iOS,https://media.licdn.com/dms/image/C4D0BAQHRVbmqjTIeyg/company-logo_100_100/0/1662490876571?e=1684972800&v=beta&t=CR4YlpNYOJqDuQJr3o70La3LC-T7_TbCSoNWR4OHocQ,https://www.linkedin.com/company/1607579/,"Distrito Capital, Colombia",En remoto,En busca de personal,,true,false,0,https://www.linkedin.com/jobs/view/3483772185/,Data Science,Jobs,2023-02-17T01:33:20.552Z
https://www.linkedin.com/jobs/view/3477991283/,3477991283,Spark Foundry,Practicante Reporting,https://media.licdn.com/dms/image/C560BAQG0l29yvSAG9g/company-logo_100_100/0/1625668168171?e=1684972800&v=beta&t=7dDvUz9DaZ-BROdvaCV2WdcSJLMUZs3CRmA5yK1re0A,https://www.linkedin.com/company/164920/,"Bogotá, Distrito Capital, Colombia",Presencial,En busca de personal,,false,false,4,https://www.linkedin.com/jobs/view/3477991283/,Data Science,Jobs,2023-02-17T01:33:20.552Z
https://www.linkedin.com/jobs/view/3473900536/,3473900536,UST España & Latam,Scrum Master,https://media.licdn.com/dms/image/C4E0BAQGOXgcV6VVx3g/company-logo_100_100/0/1608325016595?e=1684972800&v=beta&t=2mUHY_KF8ZPI56UwFfgYcQ0-7-nTQp9MdP0VjcR_bug,https://www.linkedin.com/company/18326/,Colombia,En remoto,En busca de personal,,true,false,0,https://www.linkedin.com/jobs/view/3473900536/,Data Science,Jobs,2023-02-17T01:33:20.552Z
https://www.linkedin.com/jobs/view/3464602649/,3464602649,PUNTO PAGO PANAMA,Growth Product Manager,https://media.licdn.com/dms/image/C4E0BAQE50EbSfPCMYA/company-logo_100_100/0/1595345828885?e=1684972800&v=beta&t=RhArtt3wI9uDzCN8CtT-X9PzHrXmYC8Ftyzfji7GRuU,https://www.linkedin.com/company/1549197/,Colombia,En remoto,Tu perfil se ajusta a este empleo,,true,false,0,https://www.linkedin.com/jobs/view/3464602649/,Data Science,Jobs,2023-02-17T01:33:20.552Z
https://www.linkedin.com/jobs/view/3440876347/,3440876347,Porvenir Pensiones y Cesantías,ESPECIALISTA DE ARQUITECTURA TI,https://media.licdn.com/dms/image/C4D0BAQHI5FHqBpVMuw/company-logo_100_100/0/1648135059935?e=1684972800&v=beta&t=gaZdyNmLfpu9d6j2q_ScF92dQskPuDe8f7KlfE6UnTA,https://www.linkedin.com/company/1324576/,"Bogotá, Distrito Capital, Colombia",Híbrido,Tu perfil se ajusta a este empleo,,true,false,0,https://www.linkedin.com/jobs/view/3440876347/,Data Science,Jobs,2023-02-17T01:33:20.553Z
https://www.linkedin.com/jobs/view/3456680787/,3456680787,Kinesso,Sr Manager Predictive Analytics,https://media.licdn.com/dms/image/C4D0BAQGbNuXoJznMJw/company-logo_100_100/0/1625161400540?e=1684972800&v=beta&t=3ANATy7DkKNutjkZrqPrDulmYXuiDK9zPzGDwA-Zq9I,https://www.linkedin.com/company/40749991/,"Bogotá, Distrito Capital, Colombia",En remoto,En busca de personal,,true,false,0,https://www.linkedin.com/jobs/view/3456680787/,Data Science,Jobs,2023-02-17T01:33:20.553Z
https://www.linkedin.com/jobs/view/3447047336/,3447047336,Worley,Ingeniero de Calidad Bilingüe (QA/QC),https://media.licdn.com/dms/image/C4D0BAQGTBMiiZajPTw/company-logo_100_100/0/1656629724913?e=1684972800&v=beta&t=hq-6dvBvmAyBI0Aq0bk-wOr2RqPEZqT7Iwk9Pg5xWJY,https://www.linkedin.com/company/6677/,Colombia,En remoto,En busca de personal,,false,false,0,https://www.linkedin.com/jobs/view/3447047336/,Data Science,Jobs,2023-02-17T01:33:20.553Z
https://www.linkedin.com/jobs/view/3473843512/,3473843512,Weir Minerals,Estudiante en Práctica,https://media.licdn.com/dms/image/C510BAQFWQH5bVobDSA/company-logo_100_100/0/1519885108613?e=1684972800&v=beta&t=vyjmony9AkA9xmU8XzQfUeMGwVPG7hLGTD3SaL0PW_w,https://www.linkedin.com/company/78340/,Colombia,En remoto,En busca de personal,,false,false,0,https://www.linkedin.com/jobs/view/3473843512/,Data Science,Jobs,2023-02-17T01:33:20.553Z
https://www.linkedin.com/jobs/view/3478667693/,3478667693,Evertec,Desarrollador Aplicaciones Móviles,https://media.licdn.com/dms/image/C560BAQH2s2QXrp5TYg/company-logo_100_100/0/1656676117391?e=1684972800&v=beta&t=is5nz1RD60sqg1NvDlBfKPUsLsulNrD58_JDeX5q3Fs,https://www.linkedin.com/company/110492/,Colombia,En remoto,En busca de personal,,true,false,21,https://www.linkedin.com/jobs/view/3478667693/,Data Science,Jobs,2023-02-17T01:33:20.553Z
https://www.linkedin.com/jobs/view/3467593237/,3467593237,Banco Popular Colombia,Profesional Especializado de Modelos de SARLAFT y ABAC,https://media.licdn.com/dms/image/C4D0BAQGkCDFZAl96mA/company-logo_100_100/0/1588978453809?e=1684972800&v=beta&t=szNZSOwTbvLLq24Mt7765dijPg9oADfcSekyplnI2vs,https://www.linkedin.com/company/65314658/,"Bogotá, Distrito Capital, Colombia",Presencial,En busca de personal,,true,false,0,https://www.linkedin.com/jobs/view/3467593237/,Data Science,Jobs,2023-02-17T01:33:20.553Z
https://www.linkedin.com/jobs/view/3451579290/,3451579290,Chemonics International,RFPVRIMMA056 - Servicios Profesionales de dos Desarrolladores Junior  Front End,https://media.licdn.com/dms/image/C560BAQFMfcG2uiz_7w/company-logo_100_100/0/1519856577223?e=1684972800&v=beta&t=Z20LZ-Sx29OHRfe1BNzNNKcba-FTNqYtr3uSYmoStVA,https://www.linkedin.com/company/7738/,"Bogotá, Distrito Capital, Colombia",En remoto,Tu perfil se ajusta a este empleo,,true,false,0,https://www.linkedin.com/jobs/view/3451579290/,Data Science,Jobs,2023-02-17T01:33:20.553Z
https://www.linkedin.com/jobs/view/3475274711/,3475274711,Itaú Colombia,Experto Técnico en Ciberseguridad Cloud,https://media.licdn.com/dms/image/C4E0BAQF7lWm87PS0BQ/company-logo_100_100/0/1658848595768?e=1684972800&v=beta&t=Jbh4GeS2Co-SkagNg_euAqIsbz_S2JXIvZ2N0WMtGYw,https://www.linkedin.com/company/9244289/,"Bogotá, Distrito Capital, Colombia",Híbrido,En busca de personal,,true,false,0,https://www.linkedin.com/jobs/view/3475274711/,Data Science,Jobs,2023-02-17T01:33:20.553Z
https://www.linkedin.com/jobs/view/3428162681/,3428162681,NovoPayment,Desarrollador de back-end,https://media.licdn.com/dms/image/C560BAQFcWYYaGLmJvg/company-logo_100_100/0/1612301368629?e=1684972800&v=beta&t=Xm_e_ZGZ3c1Cvgq-8VOmRKFLp-AkyLkFY85368UMSQ0,https://www.linkedin.com/company/743520/,"Bogotá, Distrito Capital, Colombia",Híbrido,En busca de personal,,true,false,0,https://www.linkedin.com/jobs/view/3428162681/,Data Science,Jobs,2023-02-17T01:33:20.553Z
https://www.linkedin.com/jobs/view/3455124837/,3455124837,DPV Transportation Worldwide,IT Specialist,https://media.licdn.com/dms/image/C4E0BAQFfGiliPT8zKA/company-logo_100_100/0/1612371541563?e=1684972800&v=beta&t=wAk_rq6qIiTXeZLv9xbdBVyVMwS5nBabtaj--D4eaZE,https://www.linkedin.com/company/1356298/,"Bogotá, Distrito Capital, Colombia",En remoto,Tu perfil se ajusta a este empleo,,true,false,0,https://www.linkedin.com/jobs/view/3455124837/,Data Science,Jobs,2023-02-17T01:33:20.553Z
https://www.linkedin.com/jobs/view/3474325040/,3474325040,Takeda,Product Manager,https://media.licdn.com/dms/image/C560BAQFN97sE5dibtQ/company-logo_100_100/0/1656683629143?e=1684972800&v=beta&t=5HeQsBP1zgb-b0judm1sErpHh88lk_gzO_jmVD5cIV8,https://www.linkedin.com/company/5482/,"Bogotá, Distrito Capital, Colombia",,En busca de personal,,false,false,0,https://www.linkedin.com/jobs/view/3474325040/,Data Science,Jobs,2023-02-17T01:33:20.553Z
https://www.linkedin.com/jobs/view/3478396424/,3478396424,Banco Davivienda,Profesional Infraestructura Cloud,https://media.licdn.com/dms/image/C510BAQFgUrtsFZfqdg/company-logo_100_100/0/1519902501533?e=1684972800&v=beta&t=fWomEKSMHOVES_Ju0OhxV8jf3An_Z6NaSmEoTJWn5Hc,https://www.linkedin.com/company/597974/,"Bogotá, Distrito Capital, Colombia",Presencial,En busca de personal,,false,false,0,https://www.linkedin.com/jobs/view/3478396424/,Data Science,Jobs,2023-02-17T01:33:20.553Z
https://www.linkedin.com/jobs/view/3474211507/,3474211507,Confidencial,Analista de investigación de mercados - Bogotá,https://media.licdn.com/dms/image/D560BAQFvJO1jmopoMg/company-logo_100_100/0/1665818699974?e=1684972800&v=beta&t=WfilqU6zUrhfLyW560cetBG5USVS5NKwVx7wTVOoaGQ,https://www.linkedin.com/company/49164372/,"Bogotá, Distrito Capital, Colombia",Presencial,En busca de personal,,false,false,0,https://www.linkedin.com/jobs/view/3474211507/,Data Science,Jobs,2023-02-17T01:33:20.553Z
https://www.linkedin.com/jobs/view/3470034781/,3470034781,Accion,"Analyst, Global Advisory Solutions - LATAM",https://media.licdn.com/dms/image/C4E0BAQESMza41zrIlQ/company-logo_100_100/0/1663095687952?e=1684972800&v=beta&t=11EJssclvq7irtusoQO1BKQAuVu9xaW4RFDnEjw70y4,https://www.linkedin.com/company/15885/,"Bogotá, Distrito Capital, Colombia",Híbrido,,,false,false,0,https://www.linkedin.com/jobs/view/3470034781/,Data Science,Jobs,2023-02-17T01:33:20.553Z
https://www.linkedin.com/jobs/view/3465544018/,3465544018,MPL,desarrollador,,https://www.linkedin.com/company/21781/,Colombia,En remoto,En busca de personal,,true,false,0,https://www.linkedin.com/jobs/view/3465544018/,Data Science,Jobs,2023-02-17T01:33:20.553Z
https://www.linkedin.com/jobs/view/3473798480/,3473798480,IQVIA,Business Data Analyst,https://media.licdn.com/dms/image/C4D0BAQEiOifAvjV9vw/company-logo_100_100/0/1619640262440?e=1684972800&v=beta&t=xniwl64-spL3pRsOw4pGUCER8jhWn6FT7Xur-C68O9o,https://www.linkedin.com/company/4057/,"Bogotá, Distrito Capital, Colombia",Híbrido,Tu perfil se ajusta a este empleo,,false,false,0,https://www.linkedin.com/jobs/view/3473798480/,Data Science,Jobs,2023-02-17T01:33:20.553Z
https://www.linkedin.com/jobs/view/3485089830/,3485089830,Avant,Data Engineer,https://media.licdn.com/dms/image/C560BAQF0vMkLDrUVdg/company-logo_100_100/0/1673394359051?e=1684972800&v=beta&t=Dnz52CHve6F00EWeZmhzoVVbaO_rG0-K5W7O3kaSUYU,https://www.linkedin.com/company/3106804/,"Barranquilla, Atlántico, Colombia",,Tu perfil se ajusta a este empleo,,false,false,2,https://www.linkedin.com/jobs/view/3485089830/,Data Science,Jobs,2023-02-17T01:33:25.407Z
https://www.linkedin.com/jobs/view/3466816290/,3466816290,Turing,Empleo LaerAI | Trabajo Online,https://media.licdn.com/dms/image/D4D0BAQGFJMkBlTYwMA/company-logo_100_100/0/1667236443972?e=1684972800&v=beta&t=ZBoP4eKDwYKTdZ34XGX962La7TlR9hFeThf27MWHKXs,https://www.linkedin.com/company/18846814/,Colombia,En remoto,En busca de personal,,false,false,0,https://www.linkedin.com/jobs/view/3466816290/,Data Science,Jobs,2023-02-17T01:33:25.407Z
https://www.linkedin.com/jobs/view/3480633797/,3480633797,PRAGMA,Arquitecto de soluciones-Preventa,https://media.licdn.com/dms/image/D4E0BAQGpWkXoU6kyJA/company-logo_100_100/0/1664210141966?e=1684972800&v=beta&t=awbwmyirMw8HnYkOchCpv8MEd5yKxyi4sFEjvw1FasI,https://www.linkedin.com/company/564567/,Colombia,En remoto,En busca de personal,,false,false,0,https://www.linkedin.com/jobs/view/3480633797/,Data Science,Jobs,2023-02-17T01:33:25.407Z
https://www.linkedin.com/jobs/view/3469268297/,3469268297,Turing,Remote Data Wrangling / Data Science Jobs | Turing,https://media.licdn.com/dms/image/D4D0BAQGFJMkBlTYwMA/company-logo_100_100/0/1667236443972?e=1684972800&v=beta&t=ZBoP4eKDwYKTdZ34XGX962La7TlR9hFeThf27MWHKXs,https://www.linkedin.com/company/18846814/,Colombia,En remoto,En busca de personal,2023-01-13,false,false,0,https://www.linkedin.com/jobs/view/3469268297/,Data Science,Jobs,2023-02-17T01:33:25.407Z
https://www.linkedin.com/jobs/view/3468537490/,3468537490,Lulo bank,Technical Lead,https://media.licdn.com/dms/image/C4E0BAQEHCvVOB8IPSQ/company-logo_100_100/0/1657734167019?e=1684972800&v=beta&t=4l5LsoExYuQ_DXD4wc9qkf9OBIGg2JnWhKaFBefngwg,https://www.linkedin.com/company/75726884/,Colombia,En remoto,En busca de personal,,true,false,0,https://www.linkedin.com/jobs/view/3468537490/,Data Science,Jobs,2023-02-17T01:33:25.407Z
https://www.linkedin.com/jobs/view/3464962941/,3464962941,Holcim ABS,Analista de Datos Maestros Bilingüe,https://media.licdn.com/dms/image/C560BAQFrhp9rQRYZag/company-logo_100_100/0/1656682843967?e=1684972800&v=beta&t=jBGkjf_o-kbv9-qWqth5pzHF1-7I-nEAGXKYgmNi5Dc,https://www.linkedin.com/company/52198807/,Colombia,En remoto,En busca de personal,,true,false,0,https://www.linkedin.com/jobs/view/3464962941/,Data Science,Jobs,2023-02-17T01:33:25.407Z
https://www.linkedin.com/jobs/view/3448345122/,3448345122,Omnicom Media Group,Trainee digital,https://media.licdn.com/dms/image/C4E0BAQGweJCvflba7w/company-logo_100_100/0/1662586324452?e=1684972800&v=beta&t=Uj-jNr--iwtL_n7Fq2x1e_NqtnkkNpQaFxziEKk8JxY,https://www.linkedin.com/company/1028487/,Colombia,En remoto,En busca de personal,,true,false,0,https://www.linkedin.com/jobs/view/3448345122/,Data Science,Jobs,2023-02-17T01:33:25.407Z
https://www.linkedin.com/jobs/view/3460552986/,3460552986,NEORIS,Analista Soporte CA,https://media.licdn.com/dms/image/C560BAQFrs9_WzH_Owg/company-logo_100_100/0/1578338392909?e=1684972800&v=beta&t=bhg_0H76QFDVroZO_EuqLpVAIxGbOROG-kLmp-u0FcM,https://www.linkedin.com/company/157349/,"Providencia, Archipiélago de San Andrés, Providencia y Santa Catalina, Colombia",,Tu perfil se ajusta a este empleo,,false,false,0,https://www.linkedin.com/jobs/view/3460552986/,Data Science,Jobs,2023-02-17T01:33:25.407Z
https://www.linkedin.com/jobs/view/3457658543/,3457658543,NovoPayment,Analista Junior Incidentes Middleware,https://media.licdn.com/dms/image/C560BAQFcWYYaGLmJvg/company-logo_100_100/0/1612301368629?e=1684972800&v=beta&t=Xm_e_ZGZ3c1Cvgq-8VOmRKFLp-AkyLkFY85368UMSQ0,https://www.linkedin.com/company/743520/,"Bogotá, Distrito Capital, Colombia",Híbrido,En busca de personal,,true,false,0,https://www.linkedin.com/jobs/view/3457658543/,Data Science,Jobs,2023-02-17T01:33:25.407Z
https://www.linkedin.com/jobs/view/3467735650/,3467735650,Turing,Empleo Analytics Engineer | Trabajo Online,https://media.licdn.com/dms/image/D4D0BAQGFJMkBlTYwMA/company-logo_100_100/0/1667236443972?e=1684972800&v=beta&t=ZBoP4eKDwYKTdZ34XGX962La7TlR9hFeThf27MWHKXs,https://www.linkedin.com/company/18846814/,Colombia,En remoto,En busca de personal,2023-02-05,false,false,0,https://www.linkedin.com/jobs/view/3467735650/,Data Science,Jobs,2023-02-17T01:33:25.407Z
https://www.linkedin.com/jobs/view/3472251426/,3472251426,Banco Davivienda,Profesional IBM Integration BUS,https://media.licdn.com/dms/image/C510BAQFgUrtsFZfqdg/company-logo_100_100/0/1519902501533?e=1684972800&v=beta&t=fWomEKSMHOVES_Ju0OhxV8jf3An_Z6NaSmEoTJWn5Hc,https://www.linkedin.com/company/597974/,"Bogotá, Distrito Capital, Colombia",Híbrido,En busca de personal,,false,false,0,https://www.linkedin.com/jobs/view/3472251426/,Data Science,Jobs,2023-02-17T01:33:25.407Z
https://www.linkedin.com/jobs/view/3446738825/,3446738825,Implemental Systems,Consultor de Ventas IT,https://media.licdn.com/dms/image/C4D0BAQF_4UK7atlv3Q/company-logo_100_100/0/1545238338679?e=1684972800&v=beta&t=ZTRkc6a9jXpMH-p-sEnf3Eprh1uhHsiJbQEie9Z82Bo,https://www.linkedin.com/company/1173649/,Colombia,En remoto,En busca de personal,,true,false,0,https://www.linkedin.com/jobs/view/3446738825/,Data Science,Jobs,2023-02-17T01:33:25.407Z
https://www.linkedin.com/jobs/view/3470041866/,3470041866,Mercado Libre,Analista de Operaciones de Mantenimiento Fulfillment - Mercado Envíos,https://media.licdn.com/dms/image/C4E0BAQGh9F1O_wHDSA/company-logo_100_100/0/1639512920011?e=1684972800&v=beta&t=V7RMUOMdRvQBjm3dZpS3DxqbNK-Z7-8ZUuxmxhmVIC0,https://www.linkedin.com/company/14226/,"Bogotá, Distrito Capital, Colombia",Presencial,En busca de personal,,false,false,0,https://www.linkedin.com/jobs/view/3470041866/,Data Science,Jobs,2023-02-17T01:33:25.407Z
https://www.linkedin.com/jobs/view/3286636876/,3286636876,McKinsey & Company,Associate,https://media.licdn.com/dms/image/C560BAQE3R7j3w9iR-A/company-logo_100_100/0/1675257361833?e=1684972800&v=beta&t=onVl7tlQMAyKwiETu8x15Tv-5W2_3PaECyPkru_-oBw,https://www.linkedin.com/company/1371/,"Bogotá, Distrito Capital, Colombia",,En busca de personal,,false,false,0,https://www.linkedin.com/jobs/view/3286636876/,Data Science,Jobs,2023-02-17T01:33:25.407Z
https://www.linkedin.com/jobs/view/3469264731/,3469264731,Turing,Remote Data Scientist Jobs | Turing,https://media.licdn.com/dms/image/D4D0BAQGFJMkBlTYwMA/company-logo_100_100/0/1667236443972?e=1684972800&v=beta&t=ZBoP4eKDwYKTdZ34XGX962La7TlR9hFeThf27MWHKXs,https://www.linkedin.com/company/18846814/,Colombia,En remoto,En busca de personal,2023-01-13,false,false,1,https://www.linkedin.com/jobs/view/3469264731/,Data Science,Jobs,2023-02-17T01:33:25.407Z
https://www.linkedin.com/jobs/view/3479440312/,3479440312,Alpina,Analista de Inocuidad,https://media.licdn.com/dms/image/C560BAQFo8Gr_i8X01A/company-logo_100_100/0/1675178463943?e=1684972800&v=beta&t=djAVwQqSe5OOUAdE8bnRwt7EF3bZ9JaX8hKkn2nYenA,https://www.linkedin.com/company/48174/,"Sopó, Cundinamarca, Colombia",Presencial,En busca de personal,,true,false,0,https://www.linkedin.com/jobs/view/3479440312/,Data Science,Jobs,2023-02-17T01:33:25.407Z
https://www.linkedin.com/jobs/view/3445808760/,3445808760,CONFIDENCIA,Especialista Transformación Digital,,https://www.linkedin.com/company/25220234/,"Bogotá, Distrito Capital, Colombia",Presencial,En busca de personal,,true,false,0,https://www.linkedin.com/jobs/view/3445808760/,Data Science,Jobs,2023-02-17T01:33:25.407Z
https://www.linkedin.com/jobs/view/3468726513/,3468726513,Zurich Insurance,Analista de Cartera,https://media.licdn.com/dms/image/C4E0BAQFh2PzLDr_dpw/company-logo_100_100/0/1670339903981?e=1684972800&v=beta&t=ICaQ4GBSr3eZza3kNc4yaMW33DeyT8mLfoI1EfXMHjc,https://www.linkedin.com/company/2458/,"Bogotá, Distrito Capital, Colombia",,En busca de personal,,false,false,0,https://www.linkedin.com/jobs/view/3468726513/,Data Science,Jobs,2023-02-17T01:33:25.407Z
https://www.linkedin.com/jobs/view/3478616409/,3478616409,Empresa Confidencial,Ingeniero DevOps,https://media.licdn.com/dms/image/C4D0BAQHvDSH7kxT3Yg/company-logo_100_100/0/1588185710534?e=1684972800&v=beta&t=UGHJHkrin-xMyhr8WIAnYcOWlS6ipjS31rifNMZQ5z4,https://www.linkedin.com/company/65390111/,Colombia,En remoto,Tu perfil se ajusta a este empleo,,true,false,15,https://www.linkedin.com/jobs/view/3478616409/,Data Science,Jobs,2023-02-17T01:33:25.407Z
https://www.linkedin.com/jobs/view/3447429845/,3447429845,Baker McKenzie Colombia,Analista Junior de Desarrollo de Negocio,https://media.licdn.com/dms/image/C4E0BAQHH7F8R2eBA4A/company-logo_100_100/0/1656690186813?e=1684972800&v=beta&t=eyO7-fLbRp4G0oS-ZwMGZxdnJWge-jrbp5p-lMvb1d0,https://www.linkedin.com/company/35591895/,"Bogotá, Distrito Capital, Colombia",Híbrido,En busca de personal,,true,false,0,https://www.linkedin.com/jobs/view/3447429845/,Data Science,Jobs,2023-02-17T01:33:25.407Z
https://www.linkedin.com/jobs/view/3467813304/,3467813304,Magneto,LIDER B.A (Business Analytics) - MEDELLIN,https://media.licdn.com/dms/image/C4E0BAQE6zjWgYwmYvw/company-logo_100_100/0/1672839731230?e=1684972800&v=beta&t=1ugvDdUrbZ6Q-06U7VpwZJvROAEzI92YKNWaH_T8A8U,https://www.linkedin.com/company/33191414/,"Envigado, Antioquia, Colombia",Híbrido,,2023-02-08,false,false,20,https://www.linkedin.com/jobs/view/3467813304/,Data Science,Jobs,2023-02-17T01:33:25.407Z
https://www.linkedin.com/jobs/view/3455128369/,3455128369,DPV Transportation Worldwide,IT Specialist,https://media.licdn.com/dms/image/C4E0BAQFfGiliPT8zKA/company-logo_100_100/0/1612371541563?e=1684972800&v=beta&t=wAk_rq6qIiTXeZLv9xbdBVyVMwS5nBabtaj--D4eaZE,https://www.linkedin.com/company/1356298/,"Medellín, Antioquia, Colombia",En remoto,Tu perfil se ajusta a este empleo,,true,false,0,https://www.linkedin.com/jobs/view/3455128369/,Data Science,Jobs,2023-02-17T01:33:25.407Z
https://www.linkedin.com/jobs/view/3467033730/,3467033730,Epik,Jefe de Business Intelligence,https://media.licdn.com/dms/image/C4D0BAQGNfNTJTaE0oQ/company-logo_100_100/0/1648580679218?e=1684972800&v=beta&t=68C_Vgb5T0Gvmey2_TWRKz-NkEKhEvIT8__g6c273M8,https://www.linkedin.com/company/15077451/,"Bogotá, Distrito Capital, Colombia",Híbrido,Tu perfil se ajusta a este empleo,,true,false,0,https://www.linkedin.com/jobs/view/3467033730/,Data Science,Jobs,2023-02-17T01:33:25.407Z
https://www.linkedin.com/jobs/view/3448312395/,3448312395,Datavail,Azure Data Engineer,https://media.licdn.com/dms/image/C4D0BAQEhuP8Bw8DBnw/company-logo_100_100/0/1532119132783?e=1684972800&v=beta&t=ziz_iT9L5AvWrIzWq6vRj06AylPC4sV3d4uNcCwqMOc,https://www.linkedin.com/company/323777/,"Distrito Capital, Colombia",En remoto,En busca de personal,,false,false,20,https://www.linkedin.com/jobs/view/3448312395/,Data Science,Jobs,2023-02-17T01:33:30.227Z
https://www.linkedin.com/jobs/view/3349685731/,3349685731,Nagarro,Python Full Stack Developer,https://media.licdn.com/dms/image/C4D0BAQGakx_sW7QSjw/company-logo_100_100/0/1670311156790?e=1684972800&v=beta&t=yT3jZhlI8y1hu2KbaKGR3lFNLyBoRIhR6YFVcCWY2Xk,https://www.linkedin.com/company/11902/,Colombia,En remoto,En busca de personal,,true,false,0,https://www.linkedin.com/jobs/view/3349685731/,Data Science,Jobs,2023-02-17T01:33:30.227Z
https://www.linkedin.com/jobs/view/3466133561/,3466133561,Michael Page,Ingeniero(a) Bases de Datos,https://media.licdn.com/dms/image/C4E0BAQHxlM8kPUzvVg/company-logo_100_100/0/1663662454082?e=1684972800&v=beta&t=6JaCXp3Y5qP9avo_OVfTkfssAT8Al5ODECipJNk0H2Q,https://www.linkedin.com/company/3476/,"Colombia, Huila, Colombia",Híbrido,En busca de personal,2023-01-13,false,false,4,https://www.linkedin.com/jobs/view/3466133561/,Data Science,Jobs,2023-02-17T01:33:30.227Z
https://www.linkedin.com/jobs/view/3466168362/,3466168362,NovoPayment,Product Owner,https://media.licdn.com/dms/image/C560BAQFcWYYaGLmJvg/company-logo_100_100/0/1612301368629?e=1684972800&v=beta&t=Xm_e_ZGZ3c1Cvgq-8VOmRKFLp-AkyLkFY85368UMSQ0,https://www.linkedin.com/company/743520/,"Bogotá, Distrito Capital, Colombia",Híbrido,En busca de personal,,true,false,0,https://www.linkedin.com/jobs/view/3466168362/,Data Science,Jobs,2023-02-17T01:33:30.227Z
https://www.linkedin.com/jobs/view/3456695804/,3456695804,Chemonics International,RFPVRIMMA076 - Consultoría para acompañar y apoyar la gestión de la gobernanza inclusiva de la movilidad humana en la gobernación de Antioquia,https://media.licdn.com/dms/image/C560BAQFMfcG2uiz_7w/company-logo_100_100/0/1519856577223?e=1684972800&v=beta&t=Z20LZ-Sx29OHRfe1BNzNNKcba-FTNqYtr3uSYmoStVA,https://www.linkedin.com/company/7738/,"Antioquia, Colombia",En remoto,En busca de personal,,true,false,0,https://www.linkedin.com/jobs/view/3456695804/,Data Science,Jobs,2023-02-17T01:33:30.227Z
https://www.linkedin.com/jobs/view/3456561561/,3456561561,Perficient Latin America,Product Owner,https://media.licdn.com/dms/image/C4E0BAQHyFu-xg-BPJQ/company-logo_100_100/0/1611264218433?e=1684972800&v=beta&t=lEmdyXzgPscQy0dpgiJIXvyTyoakT2R-s6DWI7RxY2E,https://www.linkedin.com/company/75400542/,Colombia,En remoto,En busca de personal,,true,false,0,https://www.linkedin.com/jobs/view/3456561561/,Data Science,Jobs,2023-02-17T01:33:30.227Z
https://www.linkedin.com/jobs/view/3456503471/,3456503471,Porvenir Pensiones y Cesantías,LÍDER SOLUCIONES T.I,https://media.licdn.com/dms/image/C4D0BAQHI5FHqBpVMuw/company-logo_100_100/0/1648135059935?e=1684972800&v=beta&t=gaZdyNmLfpu9d6j2q_ScF92dQskPuDe8f7KlfE6UnTA,https://www.linkedin.com/company/1324576/,"Bogotá, Distrito Capital, Colombia",Híbrido,En busca de personal,,true,false,0,https://www.linkedin.com/jobs/view/3456503471/,Data Science,Jobs,2023-02-17T01:33:30.227Z
https://www.linkedin.com/jobs/view/3447037174/,3447037174,Atento Colombia,Analista de Compensaciones,https://media.licdn.com/dms/image/C560BAQGvYUENJ-KdSg/company-logo_100_100/0/1656685062174?e=1684972800&v=beta&t=_dM99xsYMDPE8Ww1X5ck-lvGlhzcPT8a9ESPZbPsQ5o,https://www.linkedin.com/company/33218966/,"Bogotá, Distrito Capital, Colombia",Híbrido,En busca de personal,,true,false,0,https://www.linkedin.com/jobs/view/3447037174/,Data Science,Jobs,2023-02-17T01:33:30.227Z
https://www.linkedin.com/jobs/view/3467738096/,3467738096,Turing,Empleo Sr. Data Scientist | Trabajo Online,https://media.licdn.com/dms/image/D4D0BAQGFJMkBlTYwMA/company-logo_100_100/0/1667236443972?e=1684972800&v=beta&t=ZBoP4eKDwYKTdZ34XGX962La7TlR9hFeThf27MWHKXs,https://www.linkedin.com/company/18846814/,Colombia,En remoto,En busca de personal,2023-02-05,false,false,9,https://www.linkedin.com/jobs/view/3467738096/,Data Science,Jobs,2023-02-17T01:33:30.227Z
https://www.linkedin.com/jobs/view/3483185032/,3483185032,First Point Group,Ingeniero de desarrollo Python con Kubernetes,https://media.licdn.com/dms/image/C4E0BAQFooqETuQq_JA/company-logo_100_100/0/1519856753059?e=1684972800&v=beta&t=w9L5Q4eh0tsVjGH4vWLmj0ulLd-a1iY6EOeDxNa7pwY,https://www.linkedin.com/company/62975/,Colombia,En remoto,En busca de personal,,true,false,0,https://www.linkedin.com/jobs/view/3483185032/,Data Science,Jobs,2023-02-17T01:33:30.227Z
https://www.linkedin.com/jobs/view/3485018152/,3485018152,Valid,Technical Consultant,https://media.licdn.com/dms/image/C4D0BAQHRVbmqjTIeyg/company-logo_100_100/0/1662490876571?e=1684972800&v=beta&t=CR4YlpNYOJqDuQJr3o70La3LC-T7_TbCSoNWR4OHocQ,https://www.linkedin.com/company/1607579/,"Bogotá, Distrito Capital, Colombia",Híbrido,En busca de personal,,true,false,0,https://www.linkedin.com/jobs/view/3485018152/,Data Science,Jobs,2023-02-17T01:33:30.227Z
https://www.linkedin.com/jobs/view/3462264010/,3462264010,SoftwareONE Colombia,Analista de soporte,https://media.licdn.com/dms/image/C4D0BAQGzd5Dz0hvacw/company-logo_100_100/0/1654273050684?e=1684972800&v=beta&t=vmXl0HIl_U7V0nFmfjxtdca_Pyy84zrvway77QRCcfU,https://www.linkedin.com/company/9206139/,"Bogotá, Distrito Capital, Colombia",Presencial,En busca de personal,,true,false,0,https://www.linkedin.com/jobs/view/3462264010/,Data Science,Jobs,2023-02-17T01:33:30.227Z
https://www.linkedin.com/jobs/view/3485094231/,3485094231,Avant,Data Engineer,https://media.licdn.com/dms/image/C560BAQF0vMkLDrUVdg/company-logo_100_100/0/1673394359051?e=1684972800&v=beta&t=Dnz52CHve6F00EWeZmhzoVVbaO_rG0-K5W7O3kaSUYU,https://www.linkedin.com/company/3106804/,"Bogotá, Distrito Capital, Colombia",,Tu perfil se ajusta a este empleo,,false,false,4,https://www.linkedin.com/jobs/view/3485094231/,Data Science,Jobs,2023-02-17T01:33:30.227Z
https://www.linkedin.com/jobs/view/3406417296/,3406417296,ERM,Analista HSSEQ (Entry Level),https://media.licdn.com/dms/image/C4E0BAQGdnRIYyYFQYQ/company-logo_100_100/0/1544719573653?e=1684972800&v=beta&t=SJnhn-ZTd7xG0j-ZsH0xe6l8d-ZSVbwk3Q2aspO_UdQ,https://www.linkedin.com/company/6449/,"Bogotá, Distrito Capital, Colombia",Presencial,En busca de personal,,false,false,0,https://www.linkedin.com/jobs/view/3406417296/,Data Science,Jobs,2023-02-17T01:33:30.227Z
https://www.linkedin.com/jobs/view/3430505096/,3430505096,Pandas,Growth Data Scientist,https://media.licdn.com/dms/image/C4E0BAQEXH8iyMG8Fjw/company-logo_100_100/0/1672687858975?e=1684972800&v=beta&t=m8cJuk5qTguAxUG15fihsRRs41VVVqgh_xVJtxuLdkU,https://www.linkedin.com/company/80007688/,"Bogotá, Distrito Capital, Colombia",Híbrido,Tu perfil se ajusta a este empleo,2023-01-11,false,false,0,https://www.linkedin.com/jobs/view/3430505096/,Data Science,Jobs,2023-02-17T01:33:30.227Z
https://www.linkedin.com/jobs/view/3480824595/,3480824595,Control Risks,"Regional Intelligence Analyst, Latin America",https://media.licdn.com/dms/image/C4E0BAQEVVCs02290Ug/company-logo_100_100/0/1668602047130?e=1684972800&v=beta&t=H5unlx4jV9nAKlP7j_n6bvBDLDahoPVxcNHdYfhZASo,https://www.linkedin.com/company/163205/,"Bogotá, Distrito Capital, Colombia",Híbrido,En busca de personal,,true,false,0,https://www.linkedin.com/jobs/view/3480824595/,Data Science,Jobs,2023-02-17T01:33:30.227Z
https://www.linkedin.com/jobs/view/3460554687/,3460554687,Eternit Colombiana S.A,Profesional Especificador,https://media.licdn.com/dms/image/C4E0BAQHxMcwejWIZNQ/company-logo_100_100/0/1672902955084?e=1684972800&v=beta&t=ilSpeMWytt3rZXigGOcWoYF8l5o905brvg8SIYOr818,https://www.linkedin.com/company/8415137/,"Cali, Valle del Cauca, Colombia",Presencial,,,true,false,0,https://www.linkedin.com/jobs/view/3460554687/,Data Science,Jobs,2023-02-17T01:33:30.227Z
https://www.linkedin.com/jobs/view/3462607287/,3462607287,Baker McKenzie Colombia,Analista Financiero/a,https://media.licdn.com/dms/image/C4E0BAQHH7F8R2eBA4A/company-logo_100_100/0/1656690186813?e=1684972800&v=beta&t=eyO7-fLbRp4G0oS-ZwMGZxdnJWge-jrbp5p-lMvb1d0,https://www.linkedin.com/company/35591895/,"Bogotá, Distrito Capital, Colombia",Híbrido,En busca de personal,,true,false,0,https://www.linkedin.com/jobs/view/3462607287/,Data Science,Jobs,2023-02-17T01:33:30.227Z
https://www.linkedin.com/jobs/view/3461303976/,3461303976,Kimberly-Clark,Practicante Profesional,https://media.licdn.com/dms/image/C560BAQFahtjOdf_ETQ/company-logo_100_100/0/1542208571146?e=1684972800&v=beta&t=xpIjnHbfaMR72wCE0v2UBqIo-L_xj8CRf6Zwgwby95A,https://www.linkedin.com/company/3439/,"Bogotá, Distrito Capital, Colombia",Presencial,En busca de personal,,false,false,0,https://www.linkedin.com/jobs/view/3461303976/,Data Science,Jobs,2023-02-17T01:33:30.227Z
https://www.linkedin.com/jobs/view/3481807544/,3481807544,Banco Davivienda,Profesional Riesgo de Mercado y Liquidez Banco,https://media.licdn.com/dms/image/C510BAQFgUrtsFZfqdg/company-logo_100_100/0/1519902501533?e=1684972800&v=beta&t=fWomEKSMHOVES_Ju0OhxV8jf3An_Z6NaSmEoTJWn5Hc,https://www.linkedin.com/company/597974/,"Bogotá, Distrito Capital, Colombia",Presencial,En busca de personal,,false,false,0,https://www.linkedin.com/jobs/view/3481807544/,Data Science,Jobs,2023-02-17T01:33:30.227Z
https://www.linkedin.com/jobs/view/3469263813/,3469263813,Turing,Remote Data Scientist Jobs | Turing,https://media.licdn.com/dms/image/D4D0BAQGFJMkBlTYwMA/company-logo_100_100/0/1667236443972?e=1684972800&v=beta&t=ZBoP4eKDwYKTdZ34XGX962La7TlR9hFeThf27MWHKXs,https://www.linkedin.com/company/18846814/,Colombia,En remoto,En busca de personal,2023-01-13,false,false,0,https://www.linkedin.com/jobs/view/3469263813/,Data Science,Jobs,2023-02-17T01:33:30.228Z
https://www.linkedin.com/jobs/view/3475367712/,3475367712,Cargill,Analista de Mejora Continua,https://media.licdn.com/dms/image/C560BAQEerHzsP6gtVw/company-logo_100_100/0/1568991363595?e=1684972800&v=beta&t=_uXLrJs3RzhHWu_POHCeJvYPwNBLj-xsCZiZECJcxb0,https://www.linkedin.com/company/2678/,"Cali, Valle del Cauca, Colombia",Presencial,En busca de personal,,false,false,0,https://www.linkedin.com/jobs/view/3475367712/,Data Science,Jobs,2023-02-17T01:33:30.228Z
https://www.linkedin.com/jobs/view/3482769286/,3482769286,RemoteTal,Practica de Mercadeo Digital (Remoto),https://media.licdn.com/dms/image/C4E0BAQFiLuJaGokP6w/company-logo_100_100/0/1621109517821?e=1684972800&v=beta&t=aHfYGk6kunOagfnk_ImE3TK2stnSOyihtRRS9OgD864,https://www.linkedin.com/company/77994075/,"Medellín, Antioquia, Colombia",En remoto,Tu perfil se ajusta a este empleo,,true,false,0,https://www.linkedin.com/jobs/view/3482769286/,Data Science,Jobs,2023-02-17T01:33:30.228Z
https://www.linkedin.com/jobs/view/3486619384/,3486619384,VASS LATAM,💻 Analista de Datos,https://media.licdn.com/dms/image/C4E0BAQF3bBMqndK26A/company-logo_100_100/0/1600033453757?e=1684972800&v=beta&t=TO-W5UmV6lfyrAlpLA6Ae6Zcts9PG0lTGhGb_KoxMxQ,https://www.linkedin.com/company/5067678/,"Bogotá, Distrito Capital, Colombia",Presencial,En busca de personal,2023-02-16,false,false,0,https://www.linkedin.com/jobs/view/3486619384/,Data Science,Jobs,2023-02-17T01:33:35.214Z
https://www.linkedin.com/jobs/view/3483575024/,3483575024,Kattan Kattan,Especialista en posicionamiento web,https://media.licdn.com/dms/image/C4D0BAQFwNrRVpjXhjQ/company-logo_100_100/0/1650902569188?e=1684972800&v=beta&t=_UGInRzIa2-y5nKmeoHAHg5cAeMJsHx3jcT963pL8UQ,https://www.linkedin.com/company/78030742/,"Barranquilla, Atlántico, Colombia",Presencial,,,true,false,23,https://www.linkedin.com/jobs/view/3483575024/,Data Science,Jobs,2023-02-17T01:33:35.214Z
https://www.linkedin.com/jobs/view/3479738008/,3479738008,PERCEPTIO S.A.S.,Consultor BI,https://media.licdn.com/dms/image/C4D0BAQGEyaBcY7Qr_Q/company-logo_100_100/0/1673463091187?e=1684972800&v=beta&t=qWm4V82Lz1CMKUNvYW4nz0wNYamlKs4qp01h0vZ3i7M,https://www.linkedin.com/company/1829155/,"Medellín, Caldas, Colombia",En remoto,En busca de personal,2023-02-11,false,false,0,https://www.linkedin.com/jobs/view/3479738008/,Data Science,Jobs,2023-02-17T01:33:35.214Z
https://www.linkedin.com/jobs/view/3480619620/,3480619620,Thermo Fisher Scientific,Clin Data Assoc II,https://media.licdn.com/dms/image/C560BAQFOdswSM-ByMg/company-logo_100_100/0/1657306338545?e=1684972800&v=beta&t=paYuTIk9REgnXKJUuJ66XY1yGfyoAt40Zr5mtB9IZHw,https://www.linkedin.com/company/3081/,"Colombia, Huila, Colombia",Presencial,En busca de personal,,false,false,0,https://www.linkedin.com/jobs/view/3480619620/,Data Science,Jobs,2023-02-17T01:33:35.214Z
https://www.linkedin.com/jobs/view/3477395210/,3477395210,Centro para la Cuarta Revolución Industrial Colombia,Contratista Profesional Técnico Inteligencia Artificial - Datos,https://media.licdn.com/dms/image/C4E0BAQFSGlPbpvwmxQ/company-logo_100_100/0/1571768788202?e=1684972800&v=beta&t=rxH5A7pEIKNLBsxVhH6b7z7dhUeU5l0bhjBXtuhyXFc,https://www.linkedin.com/company/51689651/,Área metropolitana de Medellín,Presencial,En busca de personal,,true,false,22,https://www.linkedin.com/jobs/view/3477395210/,Data Science,Jobs,2023-02-17T01:33:35.214Z
https://www.linkedin.com/jobs/view/3483407286/,3483407286,ADL Digital Lab,Científico de Datos Core,https://media.licdn.com/dms/image/C4E0BAQEAeCSeOxVB1w/company-logo_100_100/0/1658788682706?e=1684972800&v=beta&t=N8VwbxFs8ULGHpnbvCrx3deo4uiMSw6OGvVp9rxWqEA,https://www.linkedin.com/company/65878326/,"Bogotá, Distrito Capital, Colombia",Híbrido,En busca de personal,,true,false,0,https://www.linkedin.com/jobs/view/3483407286/,Data Science,Jobs,2023-02-17T01:33:35.214Z